employerId,employerName,employerProfileId,employerProfileName,jobTitle,locationName,minimumSalary,maximumSalary,currency,expirationDate,date,jobDescription,applications,jobUrl,id
393514,Pro Talent,,,Tax Senior,Milton Keynes,25000.0,35000.0,GBP,08/05/2024,07/06/2023,"ProTalent are currently working with a well-established accountancy firm in Milton Keynes to recruit a Tax Senior. The firm: Well-established accountancy firm with a friendly office in Milton Keynes Provide a full range of accountancy services to a wide range of clients Friendly working environment Offering flexibility in terms of working hours, smart working etc The Tax Senior role: Ensuring that Personal Tax Returns are completed accurately an... ",3,https://www.reed.co.uk/jobs/tax-senior/50572691,50572691
393514,Pro Talent,,,Client Manager,Rugby,40000.0,45000.0,GBP,08/05/2024,07/06/2023,"Client Manager ProTalent are currently working with a n exciting boutique accountancy practice in Rugby to recruit a new Client Manager. The firm: Exciting and fast-growing boutique accountancy firm in Rugby Diverse and loyal client base Expert team who work hard to provide exceptional standards Strong focus on client service The Client Manager role: As a Client Manager, you will look after your own portfolio of clients, with support from Junior... ",13,https://www.reed.co.uk/jobs/client-manager/50572708,50572708
393514,Pro Talent,,,Personal Tax Semi Senior,Newbury,28000.0,32000.0,GBP,08/05/2024,07/06/2023,"Are you ready to ignite your career and soar to new heights? Our client, a leading company in Newbury, is seeking a dynamic and ambitious individual to join their team as a Personal Tax Semi Senior. Say goodbye to mundane tasks and hello to an exhilarating challenge that will push your limits and reward your dedication! In this role, you'll have the chance to seize the reins and take charge of more complex and stimulating work. Our client&nbsp;b... ",4,https://www.reed.co.uk/jobs/personal-tax-semi-senior/50572720,50572720
393514,Pro Talent,,,Accounts Semi Senior,Newbury,23000.0,25000.0,GBP,08/05/2024,07/06/2023,"Accounts Semi-Senior ProTalent are currently working with a successful, modern and fast-growing accountancy practice in Newbury to recruit a new Accounts Semi-Senior. The firm: Well known and well-respected accountancy firm Offer a broad range of accounting and business advisory services Forward thinking and embrace technology Great working environment The Accounts Semi-Senior role: As an Accounts Semi-Senior, you will be expected to prepare fin... ",8,https://www.reed.co.uk/jobs/accounts-semi-senior/50572727,50572727
393514,Pro Talent,,,Accounts Trainee,Newbury,20000.0,25000.0,GBP,08/05/2024,07/06/2023,"ProTalent are currently working with an independent boutique accountancy practice based in Newbury&nbsp;looking to recruit an Accounts Trainee. The firm: An independent boutique accountancy practice, with ambitious growth plans. Friendly and supportive team culture built around values of collaboration, respect, innovation and expertise. Diverse clients that range from private clients to owner-managed businesses and large international groups. Th... ",50,https://www.reed.co.uk/jobs/accounts-trainee/50572731,50572731
393514,Pro Talent,,,Practice Accountant,Milton Keynes,30000.0,35000.0,GBP,08/05/2024,07/06/2023,"Hey there, number-crunchers! Are you tired of dull, mundane accounting work that makes you want to pull your hair out? Then listen up, because we have an exciting opportunity for you! Are you an AAT qualified accountant looking for an exciting opportunity? Our client is currently seeking a skilled and motivated AAT-qualified&nbsp;Practice Accountant&nbsp;to join their team and provide high-quality accounting services to their clients. In this ro... ",26,https://www.reed.co.uk/jobs/practice-accountant/50572738,50572738
393514,Pro Talent,,,Audit & Accounts Senior,Brackley,33000.0,36000.0,GBP,08/05/2024,07/06/2023,Audit &amp; Accounts Senior ProTalent are currently working with one of Brackley’s leading accountancy firms to recruit a new Audit &amp; Accounts Senior to join their successful team. The firm: Leading independent accountancy firm Enjoying consistent growth and increasing market share Impressive client base from a wide range of industries Great team of experts all working together to achieve great things The Audit &amp; Accounts Senior role: Ac... ,3,https://www.reed.co.uk/jobs/audit-accounts-senior/50572771,50572771
393514,Pro Talent,,,Audit & Accounts Senior,Brackley,37000.0,42000.0,GBP,08/05/2024,07/06/2023,Audit &amp; Accounts Senior ProTalent are currently working with one of Brackley’s leading accountancy firms to recruit a new Audit &amp; Accounts Senior to join their successful team. The firm: Leading independent accountancy firm Enjoying consistent growth and increasing market share Impressive client base from a wide range of industries Great team of experts all working together to achieve great things The Audit &amp; Accounts Senior role: Ac... ,1,https://www.reed.co.uk/jobs/audit-accounts-senior/50572780,50572780
427940,Tradewind Recruitment,,,Primary teacher,Sheffield,,,,08/05/2024,26/03/2024,Exciting Primary Teacher Opportunity in Sheffield! Are you a dedicated and enthusiastic Primary Teacher looking for a new challenge? Tradewind Recruitment have the perfect opportunity for you to showcase your skills and make a lasting impact on young minds in Sheffield! Position: Primary Teacher Location: Sheffield Start Date: May 2024 Why Join? Dynamic School Environment: Join a vibrant and welcoming school community committed to providing an e... ,0,https://www.reed.co.uk/jobs/primary-teacher/52378815,52378815
472689,Page Personnel Finance,,,Finance Manager,Crewe,40000.0,50000.0,GBP,10/04/2024,26/03/2024,"Opportunity for a part-qualified or QBE Finance Manager to join a well known business based in Crewe. This role will offer a salary up to 50,000 depending on experience. Client Details Page Personnel are working with an extremely successful and continuously growing business looking for a Finance Manager to join the team at a really exciting time for the company. Description Finance Manager responsibilities include: Responsible for the management... ",0,https://www.reed.co.uk/jobs/finance-manager/52378814,52378814
509989,Distinct Recruitment,,,Finance Business Partner - hybrid working,NG185BU,45000.0,55000.0,GBP,08/05/2024,26/03/2024,"Finance Business Partner - hybrid working, 4 days on-site&nbsp; 45,000 - 55,000 plus 20% bonus and strong benefits. Mansfield, Nottingham&nbsp; A Private Equity-backed business based in Mansfield Nottingham is looking to add a Finance Business Partner to their finance team in this newly created role.&nbsp; This business has had impressive growth during the last 4 years, it is profitable and cash-rich.&nbsp; They have grown through acquisition an... ",0,https://www.reed.co.uk/jobs/finance-business-partner-hybrid-working/52378813,52378813
402085,Surrey County Council,,,Employment Lawyer,RH28EF,50047.0,55125.0,GBP,10/04/2024,26/03/2024,"The starting salary for this role is 50,047 - 55,125 per annum depending on experience. This salary is based on a 36-hour working week, but we will consider applications from candidates looking for part time or flexible hours (subject to a minimum commitment of 28 hours per week). The Council adopts an agile working policy with flexible working arrangements which include access to our offices in Reigate, Leatherhead and Weybridge combined with r... ",0,https://www.reed.co.uk/jobs/employment-lawyer/52378812,52378812
602290,Philosophy Education Ltd,,,Part-time Early Years PPA Teacher,SE229LA,150.0,217.0,GBP,08/05/2024,26/03/2024,"We have a policy to respond to all applications within three working days. However, because of the volume of applications, we are sometimes unable to reply to individual enquiries. If we have not contacted you within this specified time your application has been unsuccessful on this occasion. Philosophy Education is a Recruitment Business and is advertising this vacancy on behalf of one of its clients. Job Title:&nbsp;Part-time Early Years PPA T... ",0,https://www.reed.co.uk/jobs/part-time-early-years-ppa-teacher/52378810,52378810
509627,Inchcape Retail Limited,,,Vehicle Technician,CM25PG,26082.0,43035.0,GBP,08/05/2024,26/03/2024,"Vehicle Technician Basic up to 39,123 (depending on experience) OTE Circa 43k Chelmford BMW Full Time 40 hours Work on great cars, with great people. Enjoy support that’s second to none as a Vehicle Technician at Inchcape UK. With training at some of the best facilities in the industry, you’ll learn new skills while becoming an expert on BMW &amp; MINI. And best of all, you’ll be part of a fun, friendly team that will support you every day. What... ",0,https://www.reed.co.uk/jobs/vehicle-technician/52378811,52378811
400133,Pearson Whiffin Recruitment Ltd,,,Warehouse Supervisor Nights,Rochester,32000.0,34000.0,GBP,24/04/2024,26/03/2024,"Warehouse Supervisor (Nights) c. 33,750 Medway Monday – Friday ARE YOU A WAREHOUSE SUPERVISOR? DO YOU HAVE FORKLIFT LICENCES FOR COUNTERBALANCE AND REACH TRUCK ? We are looking for a Warehouse Supervisor to join our client’s market-leading organisation. Working Monday-Friday on the night shift , you will be one of the most senior members of staff on shift, leading a team in a hands-on role where you will be operating forklifts on a regular basis... ",0,https://www.reed.co.uk/jobs/warehouse-supervisor-nights/52378809,52378809
455687, Magnus James,,,Block Manager,CF244AG,28000.0,35000.0,GBP,22/05/2024,27/02/2024,"A fantastic opportunity has arisen for an experienced Block Manager to join an extremely well respected&nbsp;property management company based at their office in Cardiff. Block Manager – Benefits&nbsp; 28,000 - 30,000 DOE Opportunity for further development and support with IRPM qualifications Hybrid working available&nbsp; Company pension Private dental and health scheme&nbsp; Additional leave&nbsp;&nbsp; Block Manager – Duties Assisting with e... ",6,https://www.reed.co.uk/jobs/block-manager/52206759,52206759
402372,Anglian Water,,,Laboratory Sampler,Huntingdon,23195.0,23195.0,GBP,24/04/2024,26/03/2024,"Starting Salary 23,195 Full time / 37 hours a week / Permanent Based Location will be Huntingdon with travel across Huntingdon, Bedford, Milton Keynes &amp; Northampton areas. Become part of our sampling team! Before it reaches our customer's tap, drinking water is cleaned, disinfected and tested to ensure it's safe to be consumed; after the water has been flushed and poured into our sewers, it's delivered to our water recycling works, where it'... ",0,https://www.reed.co.uk/jobs/laboratory-sampler/52378807,52378807
424608,Bennett & Game Recruitment,,,Software Engineer,Basildon,25000.0,50000.0,GBP,08/05/2024,26/03/2024,"Software Engineer required for my client based in Basildon, who specialise within testing systems for automotive components. The successful Software Engineer will join an in-house engineering programmer and help with the development of all company projects. They will need to be proficient with their understanding of PLC software - for industrial automation. The role is for a company who are actively expanding their software division. They are op... ",0,https://www.reed.co.uk/jobs/software-engineer/52378808,52378808
429811,Optima UK Inc Ltd,,,Toolroom Assistant,Birmingham,24000.0,25000.0,GBP,17/04/2024,26/03/2024,"Job role: Toolroom Assistant Location: Birmingham B6 Shifts : Days 7am till 3:30 Monday to Friday. Salary: Up to 25,000 per annum depending on experience Benefits: Free onsite parking Excellent working conditions recently modernised site On the job training and development with future experience Pension scheme The Company: A world class tooling manufacturer specializing in manufacturing tools for several high-profile industries. They are seeing ... ",0,https://www.reed.co.uk/jobs/toolroom-assistant/52378806,52378806
628725,Partou UK,,,Nursery Assistant Bank,High Wycombe,0.0,0.0,GBP,24/04/2024,26/03/2024,"NURSERY BANK STAFF – WOODLANDS DAY NURSERY, HALTON, AYLESBURY COMPETITIVE PAY &amp; FLEXIBLE HOURS We are currently seeking unqualified, Level 2 &amp; Level 3 Bank Staff to join our team at Woodlands Day Nursery, Aylesbury – Flexible Hours Available! What we can offer YOU! A friendly supportive team Free breakfast and main meal on work days A competitive salary The ideal person will… Be able to work as part of a team Hold a level of pride in the... ",0,https://www.reed.co.uk/jobs/nursery-assistant-bank/52378805,52378805
472689,Page Personnel Finance,,,Senior Payroll Specialist,Northwich,29000.0,32000.0,GBP,10/04/2024,26/03/2024,"Opportunity for a Senior Payroll Specialist to join a well established business based in Northwich. This role will offer a salary up to 32,000 depending on experience. Client Details Page Personnel are working with a highly successful and well known Accountancy firm. Due to continued growth they are looking for an Senior Payroll Specialist to join them at what is an exciting time for the business. Description Senior Payroll Specialist responsibi... ",0,https://www.reed.co.uk/jobs/senior-payroll-specialist/52378804,52378804
98562,Abbatt Property Recruitment,,,Assistant Development Manager / Assistant Property Manager,Bristol,28000.0,30000.0,GBP,08/05/2024,26/03/2024,"Job Title: Assistant Development Manager / Assistant Property Manager Salary: 30,000 per annum Working hours: Monday - Friday 8:30am / 9:00am - 17:00pm Location: BS20 Profile Our client is the UK's leading residential property service provider, caring for 330,000 homes in England, Wales and Scotland, across 5,800 developments. With over four decades of experience and 3,300 employees, they work with developers, investors, freeholders and over 1,6... ",0,https://www.reed.co.uk/jobs/assistant-development-manager-assistant-property-manager/52378803,52378803
368916,Rapier,,,Delivery Driver,NW96LD,13.37,14.49,GBP,24/04/2024,26/03/2024,"Royal mail delivery drivers required for immediate starts!&nbsp; Royal Mail Postal Delivery Drivers needed in&nbsp;The Hyde Delivery Office,&nbsp;paying 13.37ph Monday to Saturday and 14.49ph Sundays, this is an immediate start, working 5 to 6 shifts Monday to Sunday. Must be available Saturdays, free on-site parking, paid breaks. Morning Shifts and Afternoon Shifts available. Working for one of the best-loved brands. Every day, bringing letters... ",1,https://www.reed.co.uk/jobs/delivery-driver/52378802,52378802
370897,Bridge Recruitment UK Ltd,,,Technical Engineer,ME38SP,40000.0,40000.0,GBP,08/05/2024,26/03/2024,"Technical Engineer GBP40K - 5% bonus 40hrs per week - flexible on start &amp; finish times Rochester, Kent. Bridge Recruitment are currently working with a leading recreational water company and due to continued growth, they are looking to add a Technical Engineer to their team. If you're passionate about water fountains, splash pads, irrigation systems, and lake fountains, and you're itching to make a splash in your career, we've got the perfec... ",0,https://www.reed.co.uk/jobs/technical-engineer/52378801,52378801
572151,HOORAY Recruitment,,,TIG Welder Fabricator,Tewkesbury,,,,08/05/2024,26/03/2024,Are you a skilled TIG Welder looking for a dynamic work environment to showcase your expertise in aluminium and stainless-steel welding? Do you thrive on the challenge of working on exciting projects that demand precision and craftsmanship in TIG welding? Are you available now? Would you like to work for a unique engineering company based in Tewksbury with a competitive salary and an interesting client base. Benefits of the TIG Welder: Company p... ,0,https://www.reed.co.uk/jobs/tig-welder-fabricator/52378800,52378800
62599,Source4 Personnel Solutions,,,French or Spanish or Italian or Polish Customer Service Associate Temp to Perm ,Maidenhead,23795.0,24500.0,GBP,08/05/2024,26/03/2024,"?? Exciting Job Opportunity: Customer Service Representative ?? Are you ready to embark on a thrilling journey in the heart of a dynamic call center? Join our client at their brand-new office near Holyport Bray as a Customer Service Representative and become a pivotal part of their team, dedicated to delivering exceptional service and resolving challenges with a flair! Role Overview: As a Customer Service Representative, you'll be the frontline ... ",0,https://www.reed.co.uk/jobs/french-or-spanish-or-italian-or-polish-customer-service-associate-temp-to-perm/52378799,52378799
624612,Connect2SocialWork,,,Team Manager - CWD,London,59129.0,62201.0,GBP,08/05/2024,26/03/2024,"Are you a Team Manager within a social work team? Do you have knowledge and experience in Children With Disabilities? This great opportunity is available, in East London! Person Specification: SWE Registration Eligible to work in the UK Drive and have access to a car Degree level or equivalent in Social Work About the role: We are ideally looking for Team Managers who have experience leading a children with disabilities team - they need experien... ",0,https://www.reed.co.uk/jobs/team-manager-cwd/52378797,52378797
678237,Capio Recruitment Financial Planning,,,Finanical Planner,CV114AE,55000.0,65000.0,GBP,08/05/2024,26/03/2024,"Job Title: Financial Planner Salary: 55,000 - 65,000 Bonus Location: Midlands A well-respected Financial Planning firm with a good reputation across the market are looking for an experienced Financial Planner to come and join their growing team. This firm provides advice across Pensions, Investments, IHT and Wealth management and have grown consistently over the last few years. They are a forward-thinking firm that embrace technology and pride t... ",0,https://www.reed.co.uk/jobs/finanical-planner/52378798,52378798
499934,TRADEBE UK,,,Administrator,Invergordon,24000.0,27000.0,GBP,08/05/2024,26/03/2024,"Job description Tradebe are looking for an Administrator in Invergordon, Scotland. Main purpose of job: The primary function is to support the Operations Co-ordinator with the back to land recycling administration process and assist with PO management, month end activities, query resolution and billing. The role Manage the SAP purchase order process providing accurate information to customers and suppliers and also to provide detailed cost infor... ",0,https://www.reed.co.uk/jobs/administrator/52378796,52378796
385838,Search,,,Night Concierge,E145AB,30000.0,30000.0,GBP,24/04/2024,26/03/2024,Residential Night Concierge - Central London - 30k - excellent benefits - 4 on 4 off The Opportunity An award winning property management company are looking for Residential Night Concierges for their new private residential development in close to Canary Wharf The Residential Night Concierge position will be working in a team and reporting directly into the operations manager. The aim is to provide a seamless 24/7 5* Hotel Style service to all ... ,0,https://www.reed.co.uk/jobs/night-concierge/52378795,52378795
636815,PLATINUM RECRUITMENT CONSULTANCY LIMITED,,,F&B Assistants,GY11RN,26000.0,27000.0,GBP,08/05/2024,26/03/2024,"Role: F&amp;B Assistants Location: Guernsey Salary / Rate of pay: 26000 Platinum Recruitment is working in partnership with a bespoke hotel in Guernsey and we have a fantastic opportunity for F&amp;B Assistants to join their team. What's in it for you? Working for a forward thinking hotel in Guernsey, supporting multiple F&amp;B outlets, within different departments, if this is for you please take a look at some of the perks on offer: Specialist... ",0,https://www.reed.co.uk/jobs/f-b-assistants/52378794,52378794
464685,Lorien,,,Security Consultant,Milton Keynes,,,,08/05/2024,26/03/2024,Security Consultant (Inside IR35) Are you an experienced Security professional looking for a new contract role? We are partnered with a government organisation looking for a Security Consultant on a long term contract The successful candidate would work full time onsite and would need to undergo DV clearance before starting the role. Some form of existing clearance would be preferable but non cleared candidates would be considered Experience Str... ,0,https://www.reed.co.uk/jobs/security-consultant/52378793,52378793
400133,Pearson Whiffin Recruitment Ltd,,,Senior Commercial Manager,ME24LT,60000.0,80000.0,GBP,24/04/2024,26/03/2024,"Senior Commercial Manager Monday – Friday 37.5hrs 60,000 - 80,000 (Dependent on experience) Rochester Exciting opportunity for a candidate with an entrepreneurial attitude to join a FMCG company based in Medway on a full-time permanent, basis. The Commercial Manager will be responsible for driving revenue growth and market success for the brands. Duties: Being responsible for driving revenue and profit growth Developing relationships with custom... ",0,https://www.reed.co.uk/jobs/senior-commercial-manager/52378791,52378791
364714,Prospero Teaching,,,SEND Teaching Assistant,London,80.0,105.0,GBP,08/05/2024,26/03/2024,"SEND Teaching Assistant Are you a dedicated and experienced SEND TA looking for a rewarding opportunity to work one-on-one with a pupil with ASD in the heart of Newham? If so, we have the perfect role for you! Position : SEND Teaching Assistant Location: Newham Sector: Education and Training About the Role: As a SEND Teaching Assistant at our school in Newham, you will play a pivotal role in supporting a non-verbal child with ASD on a 1-2-1 basi... ",0,https://www.reed.co.uk/jobs/send-teaching-assistant/52378792,52378792
672811,	 Atrium Recruitment Limited,,,Electrical Engineer,Norwich,40000.0,40000.0,GBP,08/05/2024,26/03/2024,"Electrical &amp; Maintenance Engineers Norwich Day &amp; Night Shift Pattern 6am – 2pm, 2pm – 10pm &amp; 10pm – 6am 40,000 We have several opportunities for Electrical and Maintenance Engineers in the Norwich area. Core Duties Undertake PPM, proactive and reactive works in a timely manner Liaise with on-site contractors when required Ensure equipment and surrounding area conform to required standards Involvement in projects Criteria Qualified El... ",0,https://www.reed.co.uk/jobs/electrical-engineer/52378790,52378790
80599,Sellick Partnership,,,Project Accountant,Cheshire,50000.0,70000.0,GBP,08/05/2024,26/03/2024,"Project Accountant 50,000 - 70,000 18 Month Fixed Term Contract, Full Time North West Project Accountant required to join a public sector organisation on a full time fixed term basis. My client is looking for an ambitious and highly motivated individual who is an experienced Project Accountant to join their dynamic and fast moving finance function. You will play a key role in delivering projects in the Business protection programme workstream to... ",0,https://www.reed.co.uk/jobs/project-accountant/52378789,52378789
524215,Opus People Solutions,,,Vertas- Payroll Assistant,Ipswich,15.0,15.0,GBP,08/05/2024,26/03/2024,"Vertas Payroll Assistant Company : Vertas Location: Ipswich Hourly Pay Rate: 15 per hour Hours per week: 37h Assignment Lenth: 3 months initially (could lead to permanent role) Hybrid- 2 in the office 3 from home Job Description: We are seeking a detail-oriented and organized individual to join our team as a Vertas Payroll Assistant. As a Payroll Assistant, you will be responsible for assisting with payroll processing, ensuring accurate and time... ",0,https://www.reed.co.uk/jobs/vertas-payroll-assistant/52378788,52378788
492063,Veblen International,,,Customer Care Manager - Luxury Hair Care ,WC2R1EA,,,,08/05/2024,26/03/2024,"Our client, a dynamic and innovative hair care business, is searching for a Customer Care Manager. This Brands customer care team is at the heart of the business, each member not only demonstrates a genuine concern for the customers’ issues but also possesses the authority to resolve them swiftly and pleasantly. In this role you will: Lead, inspire and motivate the customer care team to excel in service delivery, fostering a culture of collabora... ",0,https://www.reed.co.uk/jobs/customer-care-manager-luxury-hair-care/52378787,52378787
672811,	 Atrium Recruitment Limited,,,Die Cut Operator,Norwich,,,,08/05/2024,26/03/2024,"Die Cut Operator Norwich, Norfolk 3-Shift Rotation (early, late &amp; nights) Salary to be discussed (dependent on exp) We are working with a Norfolk specialist in packaging design and print production. For three decades, they have pioneered the packaging industry with their patented technology and trend setting. They are now seeking an experienced Die Cut professional to operate two BOBST cutting machines. General Duties ( not an exhaustive lis... ",0,https://www.reed.co.uk/jobs/die-cut-operator/52378786,52378786
351628,MTrec Recruitment ,,,Production Operator ,Newton Aycliffe,11.44,11.44,GBP,08/05/2024,26/03/2024,Rewards and Benefits on Offer; Dayshift only. Free onsite parking. Opportunity for Permanent Contracts. The Hours You’ll Work; Dayshift only. Monday to Friday 06.45am till 15.15pm. The Pay You’ll Receive; 11.44 per hour. MTrec’s New Opportunity; MTrec are currently recruiting for a well-established manufacturing firm based in the Newton Aycliffe area. The Job You’ll Do; The main responsibilities for this role will be to work in a rework departme... ,0,https://www.reed.co.uk/jobs/production-operator/52378785,52378785
540317,Kingdom People,,,Office Coordinator ,OL99RH,21000.0,26000.0,GBP,08/05/2024,26/03/2024,"Permanent Contract Office Scheduler/coordinator Monday to Friday: 8.30am to 5 pm (40 hours per week) Area: Chadderton Salary: 21k to 26k (depending on experience) With company bonus, figures to be discussed at interview. 23 days holidays, plus bank holidays Addition benefits available Intro: Kingdom People are working with our client based in Chadderton. Offering permanent contracts. We are looking for candidates who have excellent communication... ",0,https://www.reed.co.uk/jobs/office-coordinator/52378783,52378783
607251,Xede Education,,,Challenging Behaviour Student Support Worker,Wolverhampton,15.0,15.0,GBP,03/04/2024,26/03/2024,"Job Title: Part-Time Support/Youth Worker for Students with EHCP's and SEMH Needs Location: Wolverhampton, West Midlands. Start Date: 8th April 2024. Interviews:&nbsp; Interviews are being held on Thursday afternoon, 28th March 2024. Salary: Paid hourly via PAYE, negotiable for the right candidate About Us: &nbsp;Our college is a leading Further Education (FE) institution dedicated to providing exceptional education and support to students with ... ",0,https://www.reed.co.uk/jobs/challenging-behaviour-student-support-worker/52378784,52378784
524744,Hays Specialist Recruitment Limited,,,Audit Manager,Carmarthen,45000.0,60000.0,GBP,08/05/2024,26/03/2024,"Your new company They are a distinctive and forward-thinking firm of Chartered Accountants. Their mission is to uphold the highest standards of expertise through their team of Qualified Chartered Accountants, Chartered Certified Accountants, and Chartered Tax Advisers. Established in Carmarthen over four decades ago, their client portfolio has expanded significantly, serving clients both locally and internationally. They have circa 30 staff and ... ",0,https://www.reed.co.uk/jobs/audit-manager/52378781,52378781
575264,Reed,,,Accountant Bookkeeper,TN163JP,28000.0,35000.0,GBP,27/04/2024,26/03/2024,"Accountant Bookkeeper Annual Salary: 28k - 33k (flexible up to 35k for the right candidate) Location: Biggin Hill Job Type: Full-time, Monday to Friday with flexible working hours We are seeking a diligent and experienced Accountant Bookkeeper to join our finance team. The ideal candidate will have a strong background in bookkeeping, with essential experience in Xero and VAT. Experience in management accounts and year-end processes would be a si... ",0,https://www.reed.co.uk/jobs/accountant-bookkeeper/52378782,52378782
549321,SNG Formerly Sovereign Housing Association,,,Finance Officer - Accounts Payable,RG214FA,26300.0,30000.0,GBP,10/04/2024,26/03/2024,"We have an opportunity for a Finance Officer to join our A ccounts Payable team in Basingstoke on a full time permanent basis. This is a hybrid role where you will be working at least two days in the office.&nbsp; The starting salary is 26,300 - 30,000 depending on experience The role&nbsp; As a Finance Officer in the Accounts Payable team you'll play a vital role in delivering payment services to our large stakeholder base. You'll be processing... ",0,https://www.reed.co.uk/jobs/finance-officer-accounts-payable/52378780,52378780
351628,MTrec Recruitment ,,,Assembly Line Operator ,NE95AY,11.44,11.44,GBP,08/05/2024,26/03/2024,"Rewards and Benefits on Offer; Temp to Perm Opportunities available after probation period A well-regarded company culture Free on-site parking Excellent transportation links The Pay You’ll Receive; 11.44 per hour The Hours You’ll Work; This position requires you to work 12-hour shifts, Monday - Thursday Dayshifts 6:00am - 18:00pm, Monday - Thursday (12-hour shifts) MTrec’s New Opportunity; MTrec Recruitment are currently recruiting for a presti... ",0,https://www.reed.co.uk/jobs/assembly-line-operator/52378779,52378779
357899,Now Careers,,,Accounts Assistant required,CF30LT,26000.0,27000.0,GBP,08/05/2024,26/03/2024,"I am recruiting on behalf of an SME family run business in the St Mellons area. My client is seeking a versatile and adaptable Accounts Assistant to join its very stable and friendly team. The role will report into the Group Accountant and will predominantly be dealing with the purchase ledger side of things. However, as this is a relatively small business the role will be varied on a daily basis. The client is able to pay up to 27,000 per annum... ",0,https://www.reed.co.uk/jobs/accounts-assistant-required/52378778,52378778
672811,	 Atrium Recruitment Limited,,,Construction Operations Manager,Tamworth,,,,08/05/2024,23/02/2024,"Construction Operations Manager Tamworth, Staffordshire Competitive Salary - To Be Discussed We are seeking an experienced&nbsp; Operations Manager &nbsp;with a construction / engineering background to join a well-established and successful engineering inspections company. You will play a critical role in ensuring the smooth and efficient execution of inspections whilst maintaining compliance with ISO 17020 and UKAS accreditation standards. Gene... ",7,https://www.reed.co.uk/jobs/construction-operations-manager/52186017,52186017
432060,Academics ,,,SEN Teaching Assistant,Rochester,75.0,95.0,GBP,08/05/2024,26/03/2024,"We are seeking a Teaching Assistant for young people aged 7-19 with Autism and associated needs. A specialist school based in a small village outside of Rochester are looking for a teaching assistant to work with pupils with MLD, ASD and complex needs, they have roles based inside the classroom as well as on their outreach program, supporting outdoor activites and visits to places such as the local stables. 08:30 - 16:30, Monday to Friday. The S... ",0,https://www.reed.co.uk/jobs/sen-teaching-assistant/52378777,52378777
464988,Page Group,,,Test Engineer,Cwmbran,,,,24/04/2024,26/03/2024,"We are seeking an industrious Test Engineer to join our client's Test &amp; Development department at their longstanding site in Cwmbran. Client Details Our client, Safran, is an esteemed player in the aerospace manufacturing industry, boasting a team of over 1000 employees. Specialising in the design, development and manufacturing of innovative solutions, they are a leader in their field and are based in Cwmbran. Description Conduct regular pro... ",0,https://www.reed.co.uk/jobs/test-engineer/52378776,52378776
351628,MTrec Recruitment ,,,Forklift Truck  Driver,Burnopfield,11.44,11.44,GBP,08/05/2024,26/03/2024,"The Company MTrec are currently recruiting for a specialist distribution firm based in the Newcastle area The Role Based at the end of the one of the machines labelling primarily Involved in packing, labelling and shrink wrapping pallets Manually batching and labelling packaging goods prior to dispatch Transporting products within the manufacturing area Operation of a counter balance forklift truck for transporting materials within the warehouse... ",0,https://www.reed.co.uk/jobs/forklift-truck-driver/52378775,52378775
575264,Reed,,,Long Term Science Teacher position - temporary,GU147NL,130.0,200.0,GBP,27/04/2024,26/03/2024,Are you a Science Teacher looking for long term work within Basingstoke? Interested in working within an Alternative Education Centre? Reed Education Southampton are currently seeking a passionate and dedicated Science Teacher to fulfil a long term cover role within an Alternative Education Centre located within Basingstoke. The school is a small Alternative Education Centre that caters to pupils where the curriculum is delivered within a flexib... ,0,https://www.reed.co.uk/jobs/long-term-science-teacher-position-temporary/52378774,52378774
575264,Reed,,,Long Term Science Teacher position - temporary,RG238AA,130.0,200.0,GBP,27/04/2024,26/03/2024,Are you a Science Teacher looking for long term work within Basingstoke? Interested in working within an Alternative Education Centre? Reed Education Southampton are currently seeking a passionate and dedicated Science Teacher to fulfil a long term cover role within an Alternative Education Centre located within Basingstoke. The school is a small Alternative Education Centre that caters to pupils where the curriculum is delivered within a flexib... ,0,https://www.reed.co.uk/jobs/long-term-science-teacher-position-temporary/52378771,52378771
575264,Reed,,,Long Term Science Teacher position - temporary,SO211AN,130.0,200.0,GBP,27/04/2024,26/03/2024,Are you a Science Teacher looking for long term work within Basingstoke? Interested in working within an Alternative Education Centre? Reed Education Southampton are currently seeking a passionate and dedicated Science Teacher to fulfil a long term cover role within an Alternative Education Centre located within Basingstoke. The school is a small Alternative Education Centre that caters to pupils where the curriculum is delivered within a flexib... ,0,https://www.reed.co.uk/jobs/long-term-science-teacher-position-temporary/52378772,52378772
575264,Reed,,,Long Term Science Teacher position - temporary,SP103HN,130.0,200.0,GBP,27/04/2024,26/03/2024,Are you a Science Teacher looking for long term work within Basingstoke? Interested in working within an Alternative Education Centre? Reed Education Southampton are currently seeking a passionate and dedicated Science Teacher to fulfil a long term cover role within an Alternative Education Centre located within Basingstoke. The school is a small Alternative Education Centre that caters to pupils where the curriculum is delivered within a flexib... ,0,https://www.reed.co.uk/jobs/long-term-science-teacher-position-temporary/52378773,52378773
652147,PLANET RECRUITMENT SERVICES LTD,,,2nd Line Support Engineer,Witney,25000.0,30000.0,GBP,08/05/2024,26/03/2024,"Role: 2nd Line Support Technician Location: Witney Salary: 25k - 30k Oxfordshire IT Company is looking for a dynamic ICT Support technician to join its team in the Witney, Oxfordshire area. Successful candidates will be exceptional communicators who excel at working within a team and also when working with end users. Successful candidates must undergo an enhanced DBS Check and ideally have a full UK driving license. In this role, you will work c... ",0,https://www.reed.co.uk/jobs/2nd-line-support-engineer/52378770,52378770
406145,The Purely Recruitment Company,,,Client Executive/Administrator - Fantastic entry level role ,CV346RG,24000.0,28000.0,GBP,08/05/2024,26/03/2024,"Who will I be working for? If you are looking to work in an exciting, start-up environment, then my client can offer you a warm, welcoming culture, where you will be a central member of the team. They are looking for someone with bags of enthusiasm, who loves all things administration and client services and who has a real drive to help the business grow and thrive. What will I be doing? Support the business with day-to-day administration duties... ",0,https://www.reed.co.uk/jobs/client-executive-administrator-fantastic-entry-level-role/52378768,52378768
588841,Workchain,,,Forklift Driver Reach,PE26YQ,12.0,13.0,GBP,24/04/2024,26/03/2024,Are you an experienced Forklift Driver with Reach experience looking for a permanent position in Peterborough? Workchain is currently recruiting for a Forklift Driver Reach to join a thriving industrial company in the area. Key responsibilities include: - Operating a forklift with excellent precision and care - Loading and unloading goods safely and efficiently - Organizing warehouse spaces and maintaining inventory records - Adhering to health ... ,0,https://www.reed.co.uk/jobs/forklift-driver-reach/52378769,52378769
675680,The Employment Network,,,Company Accountant,OX164SX,50000.0,60000.0,GBP,08/05/2024,26/03/2024,Your new company A successful family-owned business based in Banbury with a history of growth in the manufacturing industry is looking for a Company Accountant/Finance Manager with a background as number one in the finance department for a sub 25mil t/o company in the UK. You will work in a friendly environment in a leading role based in their office in Banbury full-time. Your new role Primary responsibility will be to run the financial and admi... ,0,https://www.reed.co.uk/jobs/company-accountant/52378767,52378767
575264,Reed,,,Caretaker,N11US,12.15,14.83,GBP,27/04/2024,26/03/2024,"Caretaker Mobile position&nbsp; Mobile Position Temp positions 3 months Temp with the option to extend PAYE: 12.15per hour PAYE or 14.83per hour Umbrella&nbsp; Location: EC1V&nbsp; Van and Fuel Card provide&nbsp; My client is a well-known housing association and they’re seeking experienced Estate Caretakers to clean and maintain internal, external and all common areas of housing blocks and estates. Hours 0800 - 1600 / Monday - Friday Key Respons... ",0,https://www.reed.co.uk/jobs/caretaker/52378766,52378766
340294,Off to Work,,,Event Porter,London,11.44,14.5,GBP,08/05/2024,26/03/2024,"Do you want to work behind the scenes at the coolest events? Are you hardworking, proactive and organised? Here at Off to Work we’ve got a backstage pass to work as event porters at the finest events in London. We’re talking international sporting fixtures, stadiums, restaurants, weddings and so much more! Whether you are a hospitality pro itching to get back or new to the field, we’d love to hear from you!&nbsp; Maybe you have&nbsp; warehouse &... ",0,https://www.reed.co.uk/jobs/event-porter/52378765,52378765
424608,Bennett & Game Recruitment,,,Senior Manager/Director Designate,Wilmslow,40000.0,50000.0,GBP,08/05/2024,26/03/2024,Senior Manager/Director Designate required. My client is seeking a dynamic and experienced individual to join the team as a Senior Manager/Director Designate. This is an exciting opportunity for someone ready to step into a leadership role in a well-established accountancy practice. The successful candidate will be able to demonstrate a track record in leadership skills and have the confidence to develop a high-performing team to grow the compan... ,0,https://www.reed.co.uk/jobs/senior-manager-director-designate/52378764,52378764
652147,PLANET RECRUITMENT SERVICES LTD,,,Senior IT Technician,Henley-on-Thames,33000.0,36000.0,GBP,02/05/2024,20/03/2024,"Role: Senior IT Technician Salary: 36k Location: Henley Benefits: Holidays: 22 days plus BH, increasing 1 day per full-service year, up to 25 days per annum plus BH Pension Life Assurance: 2 x Basic Salary Employee Benefits Platform: EAP, MyMindpal, Cycle-2-Work, High Street Rewards Staff Events Summary: The role is to manage the day-to-day operation of the ICT environment for the customer as part of a wider managed service team. The team's func... ",3,https://www.reed.co.uk/jobs/senior-it-technician/52349389,52349389
563988,Pontoon,,,Project Manager,Wokingham,550.0,600.0,GBP,10/04/2024,26/03/2024,"Job Title: Project Manager Duration: 6 months, extensions likely Location: Wokingham/Hybrid (once to twice per week requirement in the office) Salary: 550- 600 per day via Umbrella Pontoon is an employment consultancy. We put expertise, energy, and enthusiasm into improving everyone's chance of being part of the workplace. We respect and appreciate people of all ethnicities, generations, religious beliefs, sexual orientations, gender identities,... ",1,https://www.reed.co.uk/jobs/project-manager/52378763,52378763
339285,Lynx Recruitment Ltd,,,Ecommerce Business Analyst ,London,50000.0,65000.0,GBP,08/05/2024,26/03/2024,"Ecommerce Business Analyst | London| 50,000 - 60,000 (Dependent on experience) Lynx Recruitment are working with an exciting Ecommerce Agency that are recruiting an Ecommerce Business Analyst to join their team. This company offers hybrid working - 2 days per week onsite in Central London Key Skills: Proficient technical Business Analysis experience MUST HAVE E-commerce experience Magento OR Adobe Commerce OR Shopify OR BigCommerce knowledge Dig... ",1,https://www.reed.co.uk/jobs/ecommerce-business-analyst/52378762,52378762
272339,GerrardWhite,,,Residential Conveyancing Paralegal,Southampton,25000.0,32000.0,GBP,24/04/2024,26/03/2024,"Paralegal A highly regarded firm with a long-standing history is currently seeking a new paralegal to join their residential conveyancing team. This role will be based near Southampton, in the town of Chandler's Ford. The successful residential conveyancing paralegal will provide essential administrative support and assistance to fee-earners in the team. You will work closely with an experienced Associate, gaining hands-on experience with an int... ",0,https://www.reed.co.uk/jobs/residential-conveyancing-paralegal/52378760,52378760
351628,MTrec Recruitment ,,,production operative ,DH11TF,11.44,11.44,GBP,08/05/2024,26/03/2024,"The Company MTrec are currently recruiting for a rapidly expanding manufacturing company based in the Durham area. We are currently looking for candidates interested in working within a busy factory environment. The Role Carrying out general warehouse duties daily, including but not limited to Working in a fast paced warehouse environment Working in the heat transfer department Completing basic warehouse duties when required Using different comp... ",0,https://www.reed.co.uk/jobs/production-operative/52378761,52378761
364714,Prospero Teaching,,,PMLD Teacher,Romford,180.0,250.0,GBP,08/05/2024,26/03/2024,"SEND Teacher (PMLD) Secondary/Primary Romford Full Time Daily pay 180-250 depending on experience Are you a qualified Teacher looking for an opportunity to progress into the world of SEN? Our SEN Schools cater for students with a range of SEND types, however, this role is to support students on the Autism Spectrum, with a combination of verbal and nonverbal pupils and Complex Needs pupils. They provide diverse and inclusive learning environment ... ",0,https://www.reed.co.uk/jobs/pmld-teacher/52378759,52378759
628846,Osborn Executive Recruitment,,,Accounts Receivable and Billing Manager Location - London £65k - £70k,E140AD,65000.0,70000.0,GBP,08/05/2024,26/03/2024,"Accounts Receivable and Billing Manager Location - London 65k - 70k, Bonus, Non - contributory pension, Flex working - 4:1 The role: T he Accounts Receivable and Billing Manager role is critical for maintaining cash flow, minimising bad debts write offs, and ensuring timely payment collection. By implementing effective accounts receivable processes and fostering positive relationships with tenants, the role contributes to the financial health an... ",0,https://www.reed.co.uk/jobs/accounts-receivable-and-billing-manager-location-london-65k-70k/52378758,52378758
630334,Four Squared,,,Field Service Engineer ,Guildford,26000.0,32000.0,GBP,08/05/2024,26/03/2024,"Field Service Engineer Guilford, GU2 Full-time, Permanent Salary: 26,000 - 32,000 We are seeking a highly skilled and motivated Field Service Engineer to join our team. As a Field Service Engineer, you will be responsible for providing technical support and troubleshooting services to our customers. You will work closely with our customers to ensure the smooth operation of our products and provide exceptional customer service. Responsibilities -... ",0,https://www.reed.co.uk/jobs/field-service-engineer/52378757,52378757
543104,Jobheron ,,,Land Surveyor,Stoke-on-Trent,30000.0,40000.0,GBP,08/05/2024,26/03/2024,"An experienced Land Surveyor with at least 4 years of experience in setting out and surveying within the civil engineering industry is needed to join the team at this leading firm of land and engineering surveyors on a full-time basis. They are recruiting a land surveyor and setting out an engineer to work on different civil engineering projects across the UK. The position will carry a competitive salary for a site engineer, and the accompanying... ",0,https://www.reed.co.uk/jobs/land-surveyor/52378756,52378756
427013,Kingston Noble Career Consultancy,,,ANYCEM,Birmingham,37687.0,37687.0,GBP,08/05/2024,26/03/2024,"Location : Birmingham, UK Salary: 37,687 per annum, plus 1,680 car allowance Our client is seeking a vibrant and proactive individual to fill the role of Customer Engagement Manager. This pivotal position requires someone with a passion for fostering community engagement, collecting and analyzing feedback, and championing the needs of our residents and customers. If you're ready to take on new challenges in a dynamic organization, we want to hea... ",0,https://www.reed.co.uk/jobs/anycem/52378755,52378755
351628,MTrec Recruitment ,,,production operative ,Peterlee,11.44,11.44,GBP,08/05/2024,26/03/2024,"The Company MTrec Recruitment are currently recruiting for a prestigious company in the Peterlee area. The Role We are looking for candidates with production operative experience. The role would see you carrying out general production duties; including machine operating, quality inspection, and completing duties for despatch and inventory as designated by your supervisor. · Daily meetings with the team leader or supervisor · To help prioritise w... ",0,https://www.reed.co.uk/jobs/production-operative/52378754,52378754
671473,Rochdale Boroughwide Housing,,, Director of Business Improvement,OL162UP,90000.0,90000.0,GBP,08/05/2024,26/03/2024,"We own and manage around 13,000 homes within the Borough of Rochdale in Greater Manchester. We are the largest provider of affordable housing in the Borough and, in an economic environment where the supply of housing is at its most challenged, we take very seriously our responsibility for supporting the people who live in our homes and communities to live well and thrive. Our core purpose is to be a provider of quality homes and services to our ... ",0,https://www.reed.co.uk/jobs/director-of-business-improvement/52378753,52378753
106728,Next Employment,,,Binding Authority Technician ,EC3A1AT,50000.0,72000.0,GBP,08/05/2024,26/03/2024,I am currently looking for an experienced Technician in the US property sector but other classes will be considered. Ideally the Insurance Technician will have 4 years’ experience which includes North American Property Binding Authorities within a Lloyds Broker Experience of the Global system would be a distinct advantage however full training will be given to the successful candidate. Ideally looking for someone with a can do attitude and who i... ,0,https://www.reed.co.uk/jobs/binding-authority-technician/52378752,52378752
592050,Curo,,,Assistant Director of Strategy & Assurance ,BA21EP,67500.0,67500.0,GBP,15/04/2024,26/03/2024,"Assistant Director of Strategy &amp; Assurance 67,500 per annum Bath Permanent, Full Time What you'll be doing You will be leading on influencing positive changes at Curo by ensuring the quality and integrity of our operations and the delivery of our Strategic Plan. Working closely with the Executive Team, you will undertake risk-based monitoring activity across the Curo group and drive a culture of continuous improvement. It will be a fast-pace... ",0,https://www.reed.co.uk/jobs/assistant-director-of-strategy-assurance/52378751,52378751
272617,The Royal British Legion,,,Poppy Appeal Manager,Cornwall,28458.0,31620.0,GBP,08/05/2024,26/03/2024,"Are you looking to ensure the success of this unique initiative for the Royal British Legion as a Poppy Appeal Manager based in Cornwall? As the Poppy Appeal Manager in Cornwall, your main role is to achieve income, expenditure, and contribution targets, ensuring the success of the appeal. Collaborating with the Regional Poppy Appeal Manager, you will create and manage an income and expenditure budget, providing monthly commentary. Your responsi... ",0,https://www.reed.co.uk/jobs/poppy-appeal-manager/52378750,52378750
274539,Heat Recruitment,,,IFA Administrator,LU13LU,27000.0,30000.0,GBP,07/05/2024,14/11/2023,"We are assisting a Luton based company with an IFA administrator position. You will be working closely, one-on-one, with an IFA. The company has built some fantastic relationships with clients over the last 25 years so you will be a key part of further client relations. The position has become available due to an internal promotion and a new hire. There is a great community feel throughout the company, with a very friendly but professional worki... ",16,https://www.reed.co.uk/jobs/ifa-administrator/51622635,51622635
274539,Heat Recruitment,,,IFA Administrator ,GU97LW,24000.0,30000.0,GBP,07/05/2024,14/11/2023,We are assisting a client based in Farnham in hiring an IFA Administrator due to team growth. They are looking for someone ambitious and driven to join their reputable Financial Services Practice which provides a financial planning and investment management service. If you come on board you will learn directly from the financial planners and the investment team. You will get to work on complex cases over time and broaden your knowledge/ experien... ,6,https://www.reed.co.uk/jobs/ifa-administrator/51621353,51621353
274539,Heat Recruitment,,,Senior IFA Administrator,RG120AB,30000.0,36000.0,GBP,07/05/2024,14/11/2023,"We are assisting a Bracknell based company with a Senior IFA administrator position. You will be working closely, one one-on-one, with an IFA, this adviser has been with the company for 7 years and has built some fantastic relationships with clients over the years. The position has become available due to an internal promotion so you will benefit from a handover and still be able to get help/ guidance from this colleague. There is a great commun... ",6,https://www.reed.co.uk/jobs/senior-ifa-administrator/51621186,51621186
274539,Heat Recruitment,,,Administrator,GU342YT,18000.0,22000.0,GBP,07/05/2024,07/12/2023,"We are working with a highly reputable wealth management firm in Alton who are looking for someone to join their support team as an Office Admin / Junior Admin They are open to receiving applications from school leavers, graduates and those with an element of administration experience. You will be supported heavily in your career development and allowed to grow from within the firm (this role has become available due to internal promotions, whic... ",8,https://www.reed.co.uk/jobs/administrator/51759895,51759895
274539,Heat Recruitment,,,Trainee Financial Adviser,CO33HH,25000.0,35000.0,GBP,07/05/2024,08/01/2024,"A reputable, established IFA in Colcester is seeking a Trainee Adviser to join their thriving team. The company has experienced steady growth over the past few years and has achieved this through developing strong relationships and their balance of professionalism and friendliness has a big part to play in their success. This firm has created a culture where the business remains client focused and encourages everyone to achieve their goals. This... ",17,https://www.reed.co.uk/jobs/trainee-financial-adviser/51907409,51907409
391063,Opus Recruitment Solutions Ltd,,,Network Infrastructure Engineer,London,55000.0,70000.0,GBP,08/05/2024,26/03/2024,"Network Infrastructure Engineer Cisco, Palo Alto, Azure, F5, CheckPoint London – Hybrid 55,0000 - 70,000 Plus 12% Pension, Private Healthcare and much more!&nbsp; I am partnered with the 1 of the UK’s leading financial institutions – responsible for resolving for 1000s of financial disputes for small businesses, consumers and the general public! They are seeking to expand their Network Infrastructure Team and looking for passionate IT technologi... ",0,https://www.reed.co.uk/jobs/network-infrastructure-engineer/52378748,52378748
183792,Axon Moore Group Ltd,,,P2P Process Lead,New Works,50000.0,55000.0,GBP,24/04/2024,26/03/2024,"P2P Process Lead | 50,000 - 55,000 | Remote Axon Moore are supporting a world-leading manufacturer that is looking for an Purchase to Pay (P2P) Process Excellence Lead. This is a remote role, you will have an integral role in driving change management and contribute to a continuous improvement culture across the organization. Key responsibilities: • Create strong business partnering with Global Supply Chain, Commercial Teams and the Business in ... ",0,https://www.reed.co.uk/jobs/p2p-process-lead/52378747,52378747
351628,MTrec Recruitment ,,,Distribution Administrator,Cramlington,27600.0,27600.0,GBP,08/05/2024,26/03/2024,"The Company Our client is a leading manufacturer in their sector. Due to growth, they are now looking to recruit a Distribution Administrator. The Role The successful person would be responsible for the co-ordination and control of their products to their global customer base, ensuring delivery performance meets cost, quality and service parameters and arrange and schedule the transport requirements for all departments both inbound and outbound,... ",0,https://www.reed.co.uk/jobs/distribution-administrator/52378746,52378746
274539,Heat Recruitment,,,Financial Planner,SG141JA,50000.0,60000.0,GBP,07/05/2024,16/01/2024,"A new opportunity has opened for an experienced Financial Planner to join a reputable company based in Hertford as they have too many clients between the four IFAs of the business. As a company they don't advertise, getting all their business through referrals and word of mouth. Some of the company clients who are looking for an adviser with a good understanding of investments, others are looking for holistic financial planning plus they have co... ",3,https://www.reed.co.uk/jobs/financial-planner/51961149,51961149
572151,HOORAY Recruitment,,,Removals Driver - Porter,Broadway,,,,08/05/2024,26/03/2024,"Are You an Experienced 7.5 Tonne Driver with practice in removals? Do you want to work for a company who are friendly, reliable, and committed to customer satisfaction? Ready to take the wheel? Yes? Great, get in touch today! Benefits of theRemovals Driver: Company pension Work related bonus scheme What are the day-to-day responsibilities of the Removals Driver: Providing removals services to customers and clients, at their homes, business premi... ",0,https://www.reed.co.uk/jobs/removals-driver-porter/52378745,52378745
274539,Heat Recruitment,,,Mortgage and Protection Administrator,RH121RD,23000.0,28000.0,GBP,07/05/2024,12/02/2024,"An exciting opportunity for a mortgage and protection administrator has opened at a highly regarded financial planning business, based in Horsham, that specialise in all aspects of savings, investments, and retirement planning. This is a fantastic opportunity to build on your industry knowledge by working with an established team of administrators who provide high-quality support to the firm’s financial advisers. The main purpose of this positio... ",7,https://www.reed.co.uk/jobs/mortgage-and-protection-administrator/52120690,52120690
274539,Heat Recruitment,,,Paraplanner,MK403JY,35000.0,45000.0,GBP,07/05/2024,12/02/2024,"There is a fantastic opportunity here for an experienced Paraplanner to join a well-established Financial Services Practice in the heart of Bedfordshire. The company we are assisting is a growing practice with a great industry name, focused on providing a highly personalised financial planning and investment management service with their clients at the heart of everything they do. You will have the opportunity to work in a supportive team enviro... ",3,https://www.reed.co.uk/jobs/paraplanner/52120370,52120370
553328,GCS Associates,,,CAD Designer / Graduate Designer / CAD Technician,AL100AN,25000.0,35000.0,GBP,08/05/2024,26/03/2024,"Role: CAD Designer / Graduate Designer / CAD Technician Sector: Construction / Building Materials / Steel Design Location: Hatfield Salary: 25,000 - 35,000 (Very dependant on Experience - Graduates will be considered) We are currently seeking a CAD Designer to join a leading construction materials supplies company. This independent company supplies a wide range of building materials all across the South East and they also have a Steels Departmen... ",0,https://www.reed.co.uk/jobs/cad-designer-graduate-designer-cad-technician/52378744,52378744
427940,Tradewind Recruitment,,,SENDCO,Doncaster,,,,08/05/2024,26/03/2024,"Are you passionate about making a positive impact on the lives of students with Special Educational Needs (SEN)? Do you thrive in a dynamic educational environment? Tradewind Recruitment have an exciting opportunity for you! Position: SENDCO (Special Educational Needs Coordinator) Location: Doncaster, South Yorkshire Start Date: ASAP Type: Full-Time About: Tradewind Recruitment is working with a school that is committed to providing an inclusive... ",0,https://www.reed.co.uk/jobs/sendco/52378743,52378743
351628,MTrec Recruitment ,,,Warehouse Operative,Newcastle Upon Tyne,11.5,11.5,GBP,08/05/2024,14/02/2024,"The Company: MTrec are currently recruiting for a renowned and respected manufacturing company based in the Gateshead area. MTrec are currently looking for proactive individuals who are looking for an ongoing position. The Role: Attending morning briefings with team leader / supervisors for daily production targets Carrying out visual quality checks of products, reporting defects to team leaders / supervisor Working in a fast paced distribution ... ",142,https://www.reed.co.uk/jobs/warehouse-operative/52130843,52130843
422508,Step Teachers Ltd,,,General Science Teacher,SW192JY,30000.0,49000.0,GBP,08/05/2024,26/03/2024,"Are you passionate about inspiring young minds and fostering a love for science? Do you thrive in a dynamic and supportive educational environment? If so, we want you to join our team at Step Teachers to work for an outstanding institution nestled in the heart of Wimbledon. Position: General Science Teacher &nbsp; Location: Wimbledon, London Contract Type: Full-time, Permanent Start Date: April 2024 Job Description: As a General Science Teacher,... ",1,https://www.reed.co.uk/jobs/general-science-teacher/52378742,52378742
316119,G2 Legal Limited,,,Commercial Property Solicitor,Reading,60000.0,75000.0,GBP,26/04/2024,26/03/2024,"Our client is one of the UK's leading full service law firms, with offices in Oxford, London and the South East region.&nbsp; They provide clients with practical and straightforward legal advice whatever their regional, national and international requirements. Their clients are commercial business, not-for-profit organisations, government agencies and private individuals. The firm is seeking a 3 years’ PQE Senior Commercial Property Solicitor sp... ",0,https://www.reed.co.uk/jobs/commercial-property-solicitor/52378741,52378741
575264,Reed,,,Childrens Senior Social Worker/ Advance Practitioner - Assessment and Intervention,OL11TT,40.0,40.0,GBP,27/04/2024,26/03/2024,"Our Client, Oldham&nbsp;Council, is seeking a Children’s Advanced Practitioner&nbsp;to join their Assessment and Intervention Team. This is a Hybrid Working Role! Fantastic payrate of 40&nbsp;per hour! Are you a Childrens Social Worker, passionate about making a difference in your community? Do not miss out on this fantastic opportunity! Responsibilities of this role: Support senior colleagues with the prioritisation, allocation, planning and re... ",0,https://www.reed.co.uk/jobs/childrens-senior-social-worker-advance-practitioner-assessment-and-intervention/52378740,52378740
633709,Hawkfield Recruitment.co.uk,,,Car Sales Executive ,CV344AP,21000.0,45000.0,GBP,08/05/2024,11/01/2024,"Hawkfield Recruitment is working with a Main Dealership that is looking to add a Car Sales Executive to their Dealership based in Leamington Spa. As a Car Sales Executive working for this Dealership, you will be responsible for maintaining its excellent reputation by delivering unrivaled customer service. You will be the face of the business, engaging with customers to fully understand their needs and assisting them through the entire process fr... ",4,https://www.reed.co.uk/jobs/car-sales-executive/51933106,51933106
351628,MTrec Recruitment ,,,Production Operative,Gateshead,15.04,15.04,GBP,08/05/2024,14/02/2024,Rewards and Benefits on Offer; Temp to Perm Opportunities available after a 6-month probation period Identified Manufacturing Career Path for progression including Industry lead training and development Leading Pay rates including higher overtime rates A well-regarded company culture Free on-site parking Excellent transportation links Recommend a Friend 50 gift voucher Christmas events and vouchers The Pay You’ll Receive; 15.04 per hour Overtime... ,164,https://www.reed.co.uk/jobs/production-operative/52130947,52130947
412516,Advanced Technical Recruitment,,,Product Development Manager,CB90AB,,,,26/04/2024,14/03/2024,"Now is an exciting time to join a growing provider of fiberoptic technologies at their Head Office in Suffolk. Due to continuing expansion we are now looking for a Product Development Manager to join their Senior Management Team. In this hands-on role, you will manage a multi-disciplinary engineering team delivering new and existing products to meet customer deadlines. This will see you involved in product development, project management, staff ... ",4,https://www.reed.co.uk/jobs/product-development-manager/52313006,52313006
436122,Salt Search,,,Solution Architect,London,600.0,800.0,GBP,30/04/2024,18/03/2024,"Solution Architect - 6 Month Contract - 600- 800/day - Outside IR35 - Hybrid Please note - this role requires a maximum 1 day a week in the London office, and their Developers are based in Madrid so a maximum of one trip of 3 days/2 nights in Madrid per month. I am currently supporting a key client looking for a Product Architect who will focus on creating an architectural strategy for the platform that delivers some of their flagship English te... ",63,https://www.reed.co.uk/jobs/solution-architect/52329895,52329895
575264,Reed,,,Special Needs Teaching Assistant,CR06BG,85.0,140.0,GBP,15/04/2024,14/03/2024,"Male Special Needs Teaching Assistants (South East London) Are you a compassionate and dedicated individual with a passion for supporting students with special educational needs? We are seeking Male Teaching Assistants to join our team in South East London. Whether you’re interested in long-term roles or day-to-day assignments, we have opportunities for you! Positions Available: Long-Term Teaching Assistant: Contract Type:&nbsp; Full-time, perma... ",1,https://www.reed.co.uk/jobs/special-needs-teaching-assistant/52313005,52313005
