Company-ID,LinkedIn-Job-Link,Company-Name,Job-Title,Location,Job-Description,Apply-Link,Region,Job-Type,Job-Tags,Job-Category,Hours,Salary-Min,Salary-Max,id
1810,https://www.linkedin.com/jobs/view/strategic-account-executive-at-signifyd-3762391942,Signifyd,Strategic Account Executive,USA,data/processed/okjob.io/full_job_description/okjob_jobdesc_id=3762391942.html,https://www.linkedin.com/jobs/view/3762391942/,North America,"Remote,100% Salary, Four Days","eCommerce, SaaS, RiskManagement, SalesStrategy, BusinessAnalytics","Sales & Account Management, Business Development",32,160000,185000,3762391942
1759,https://www.linkedin.com/jobs/view/senior-or-staff-software-engineer-backend-python-usa-only-100%25-remote-at-close-3602557784,Close,Senior or Staff Software Engineer - Backend/Python,United States,data/processed/okjob.io/full_job_description/okjob_jobdesc_id=3602557784.html,https://www.linkedin.com/jobs/view/3602557784/,North America,"Remote, 100% Salary, Four Days","Python, MongoDB, PostgreSQL, Elasticsearch, AWS","Engineering, Data & Analytics",32,140000,200000,3602557784
3674,https://www.linkedin.com/jobs/view/client-services-manager-at-digible-inc-3760353629,"Digible, Inc",Client Services Manager,"Denver, CO",data/processed/okjob.io/full_job_description/okjob_jobdesc_id=3760353629.html,https://digible.com/why-digible/current-openings/?gh_jid=5022505004,North America,"Hybrid, 100% Salary, Four Days","SEO, PPC, Analytics, CRM, Account-Management","Marketing, Customer Support",32,75000,95000,3760353629
3678,https://ca.linkedin.com/jobs/view/staff-front-end-engineer-at-procurify-3768874380,Procurify,Staff Front End Engineer,"Vancouver, BC",data/processed/okjob.io/full_job_description/okjob_jobdesc_id=3768874380.html,https://boards.greenhouse.io/procurify/jobs/4340642005#app,North America,"Remote, Four Days, 100% Salary","React, Typescript, CSS, Python/Django, Kubernetes",Engineering,32,146000,218000,3768874380
4197,https://ph.linkedin.com/jobs/view/platform-engineer-sre-remote-philippines-at-shape-construction-3776710475,Shape Construction,Platform Engineer / SRE - Remote (Philippines),Philippines,data/processed/okjob.io/full_job_description/okjob_jobdesc_id=3776710475.html,https://www.linkedin.com/jobs/view/3776710475/,Asia,"Remote, 100% Salary, Four Days","Terraform, Observability, Cloud, Leadership, Communication",Engineering,32,,,3776710475
4727,https://www.linkedin.com/jobs/view/architectural-draftsperson-at-bsb-design-3768703232,BSB Design,BSB Design,"Philadelphia, PA",data/processed/okjob.io/full_job_description/okjob_jobdesc_id=3768703232.html,https://www.linkedin.com/jobs/view/3768703232/,North America,"On-site, Four Days, 100% Salary","AutoCAD, Revit, Drafting, Architecture, ConstructionDocuments","Architecture, Design",32,,,3768703232
4727,https://www.linkedin.com/jobs/view/architectural-commercial-technical-draftsperson-at-bsb-design-3768703241,BSB Design,Architectural Commercial Technical Draftsperson,"Los Angeles, CA",data/processed/okjob.io/full_job_description/okjob_jobdesc_id=3768703241.html,https://www.linkedin.com/jobs/view/3768703241/,North America,"On-site, Four Days, 100% Salary","Revit, BIM, Bluebeam, SketchUp, Photoshop","Architecture, Engineering",32,,,3768703241
4727,https://www.linkedin.com/jobs/view/architectural-job-captain-at-bsb-design-3768098527,BSB Design,Architectural Job Captain,"Sacramento, CA",data/processed/okjob.io/full_job_description/okjob_jobdesc_id=3768098527.html,https://www.linkedin.com/jobs/view/3768098527/,North America,"On-site, Four Days, 100% Salary","AutoCAD, 3D-Modeling, Bluebeam, Leadership, Architecture","Architecture, Engineering",32,,,3768098527
4727,https://www.linkedin.com/jobs/view/architectural-residential-job-captain-at-bsb-design-3768703229,BSB Design,Architectural Residential Job Captain,"Irvine, CA",data/processed/okjob.io/full_job_description/okjob_jobdesc_id=3768703229.html,https://www.linkedin.com/jobs/view/3768703229/,North America,"On-site, Four Days, 100% Salary","AutoCAD, 3D-Modeling, Bluebeam, MicrosoftOffice, Leadership","Architecture, Design",32,,,3768703229
4727,https://www.linkedin.com/jobs/view/architectural-residential-job-captain-at-bsb-design-3768097848,BSB Design,Architectural Residential Job Captain,"Chicago, IL",data/processed/okjob.io/full_job_description/okjob_jobdesc_id=3768097848.html,https://www.linkedin.com/jobs/view/3768097848/,North America,"On-site, Four Days, 100% Salary","AutoCAD, 3D-Modeling, Bluebeam, Microsoft-Office, Leadership","Architecture, Design",32,,,3768097848
4727,https://www.linkedin.com/jobs/view/architectural-residential-project-manager-at-bsb-design-3513224855,BSB Design,Architectural Residential Project Manager,Los Angeles Metropolitan Area,data/processed/okjob.io/full_job_description/okjob_jobdesc_id=3513224855.html,https://www.linkedin.com/jobs/view/3513224855/,North America,"On-site, Four Days, 100% Salary","Revit, BIM, Bluebeam, Type-V, Type-III","Architecture, Project Management",32,,,3513224855
3291,https://nz.linkedin.com/jobs/view/seo-content-writer-at-pearl-lemon-group-3778265939,Pearl Lemon Group,SEO Content Writer,New Zealand,data/processed/okjob.io/full_job_description/okjob_jobdesc_id=3778265939.html,https://www.linkedin.com/jobs/view/3778265939/,Australia-Oceania,"Remote, 100% Salary, Four Days","SEO, WordPress, Content-Writing, Digital-Marketing, People-Management","Marketing, Writing",32,,,3778265939
3291,https://nz.linkedin.com/jobs/view/head-of-accounting-at-pearl-lemon-group-3778268776,Pearl Lemon Group,Head of Accounting,New Zealand,data/processed/okjob.io/full_job_description/okjob_jobdesc_id=3778268776.html,https://www.linkedin.com/jobs/view/3778268776/,Australia-Oceania,"Remote, 100% Salary, Four Days","Bookkeeping, MS-Office, Financial-Reporting, Analytical-Skills, Time-Management","Accounting & Finance, Administration & Facilities",32,,,3778268776
3291,https://nz.linkedin.com/jobs/view/seo-expert-at-pearl-lemon-group-3778266949,Pearl Lemon Group,SEO Expert,New Zealand,data/processed/okjob.io/full_job_description/okjob_jobdesc_id=3778266949.html,https://www.linkedin.com/jobs/view/3778266949/,Australia-Oceania,"Remote, 100% Salary, Four Days","SEO, Google Analytics, HTML, Link Building, Keyword Research",Marketing,32,,,3778266949
3297,https://at.linkedin.com/jobs/view/senior-product-owner-manager-at-tractive-3767955194,Tractive,Senior Product Owner/Manager,"Linz, Upper Austria, Austria",data/processed/okjob.io/full_job_description/okjob_jobdesc_id=3767955194.html,https://tractive.com/en/jd/senior-product-owner-manager,Europe,"Hybrid, 100% Salary, Four Days","Product Management, Software Development, Data Analysis, Digital Products, Agile Methodology","Product, Project Management",35,,,3767955194
3297,https://at.linkedin.com/jobs/view/search-engine-optimization-specialist-at-tractive-3779153515,Tractive,Search Engine Optimization Specialist,"Linz, Upper Austria, Austria",data/processed/okjob.io/full_job_description/okjob_jobdesc_id=3779153515.html,https://tractive.com/en/jd/seo-specialist,Europe,"Hybrid, 100% Salary, Four Days","SEO, Ahrefs, HTML, CSS, ASO","Internet & Ecommerce, Marketing",35,,,3779153515
3297,https://at.linkedin.com/jobs/view/embedded-firmware-engineer-at-tractive-3784801307,Tractive,Embedded Firmware Engineer,"Linz, Upper Austria, Austria",data/processed/okjob.io/full_job_description/okjob_jobdesc_id=3784801307.html,https://tractive.com/en/jd/embedded-firmware-engineer,Europe,"Hybrid, 100% Salary, Four Days","C, Embedded, Firmware, SCRUM, BLE",Engineering,35,,,3784801307
2577,https://uk.linkedin.com/jobs/view/junior-data-engineer-at-atom-bank-3790819042,Atom bank,Junior Data Engineer,"Framwellgate Moor, England, United Kingdom",data/processed/okjob.io/full_job_description/okjob_jobdesc_id=3790819042.html,https://www.atombank.co.uk/careers/insight-and-intelligence/junior-data-science-engineer/,Europe,"Hybrid, Remote, Four Days","SQL, ETL, Python, Kafka, BigQuery","Data & Analytics, Engineering",,,,3790819042
2577,https://uk.linkedin.com/jobs/view/catalogue-data-analyst-at-atom-bank-3791431753,Atom bank,Catalogue Data Analyst,"Framwellgate Moor, England, United Kingdom",data/processed/okjob.io/full_job_description/okjob_jobdesc_id=3791431753.html,https://www.atombank.co.uk/careers/insight-and-intelligence/data-catalogue-analyst/,Europe,"Hybrid, Remote, Four Days","SQL, DataGovernance, DataWarehousing, MetadataManagement, DataQuality",Data & Analytics,,,,3791431753
2577,https://uk.linkedin.com/jobs/view/interim-financial-planning-manager-at-atom-bank-3779510465,Atom bank,Interim Financial Planning Manager,"Framwellgate Moor, England, United Kingdom",data/processed/okjob.io/full_job_description/okjob_jobdesc_id=3779510465.html,https://www.atombank.co.uk/careers/finance/interim-financial-planning-manager/,Europe,"Hybrid, 100% Salary, Four Days","FP&A, Excel, FinancialServices, ACA/ACCA/CIMA, StressTesting","Accounting & Finance, Data & Analytics",,,,3779510465
1997,https://ee.linkedin.com/jobs/view/paid-marketing-manager-at-scoro-3786443845,Scoro,Paid Marketing Manager,"Tallinn, Harjumaa, Estonia",data/processed/okjob.io/full_job_description/okjob_jobdesc_id=3786443845.html,https://www.scoro.com/careers/paid-marketing-manager,Europe,"Hybrid, Four Days, 100% Salary","GoogleAds, LinkedIn, Retargeting, Analytics, ABM","Marketing, Project Management",,,,3786443845
1832,https://www.linkedin.com/jobs/view/manager-customer-retention-on-site-salt-lake-city-ut-at-pdq-3772683556,PDQ,Manager - Customer Retention,"South Salt Lake, UT",data/processed/okjob.io/full_job_description/okjob_jobdesc_id=3772683556.html,https://jobs.lever.co/PDQ/c3d401c4-e9c8-49af-a1a4-ead6ab08738f,North America,"On-site, 100% Salary, Four Days","CRM, Salesforce, SaaS, Microsoft Office, Churn Management","Sales & Account Management, Customer Support",,,,3772683556
1810,https://mx.linkedin.com/jobs/view/data-scientist-latam-at-signifyd-3795251305,Signifyd,Data Scientist - LATAM,"Mexico City, Mexico",data/processed/okjob.io/full_job_description/okjob_jobdesc_id=3795251305.html,https://boards.greenhouse.io/signifyd95/jobs/5589930,North America,"Hybrid, 100% Salary, Four Days","Python, Java, SQL, Machine Learning, Data Analysis","Data & Analytics, Engineering",,,,3795251305
1810,https://br.linkedin.com/jobs/view/data-scientist-latam-at-signifyd-3795248714,Signifyd,Data Scientist - LATAM,"São Paulo, São Paulo, Brazil",data/processed/okjob.io/full_job_description/okjob_jobdesc_id=3795248714.html,https://boards.greenhouse.io/signifyd95/jobs/5589930,South America,"Hybrid, 100% Salary, Four Days","Python, Java, SQL, Machine Learning, Data Analysis","Data & Analytics, Engineering",,,,3795248714
1810,https://www.linkedin.com/jobs/view/strategic-account-executive-at-signifyd-3793115676,Signifyd,Strategic Account Executive,NAMER,data/processed/okjob.io/full_job_description/okjob_jobdesc_id=3793115676.html,https://boards.greenhouse.io/signifyd95/jobs/5488281,North America,"Remote, 100% Salary, Four Days","eCommerce, SaaS, RiskManagement, SalesStrategy, BusinessAnalytics","Sales & Account Management, Business Development",,160000,185000,3793115676
1810,https://uk.linkedin.com/jobs/view/growth-marketing-manager-at-signifyd-3782386304,Signifyd,Growth Marketing Manager,"London, England, United Kingdom",data/processed/okjob.io/full_job_description/okjob_jobdesc_id=3782386304.html,https://boards.greenhouse.io/signifyd95/jobs/5542457,Europe,"Hybrid, Four Days, 100% Salary","Google Analytics, Salesforce, Marketo, ABM, SEM","Marketing, Business Development",,,,3782386304
1810,https://br.linkedin.com/jobs/view/senior-frontend-engineer-brazil-at-signifyd-3786579657,Signifyd,Senior Frontend Engineer (Brazil),"São Paulo, São Paulo, Brazil",data/processed/okjob.io/full_job_description/okjob_jobdesc_id=3786579657.html,https://boards.greenhouse.io/signifyd95/jobs/5555840,South America,"Remote, 100% Salary, Four Days","React, TypeScript, Webpack, Jest, Git",Engineering,,,,3786579657
1810,https://br.linkedin.com/jobs/view/senior-cloud-security-engineer-at-signifyd-3780801655,Signifyd,Senior Cloud Security Engineer,"São Paulo, São Paulo, Brazil",data/processed/okjob.io/full_job_description/okjob_jobdesc_id=3780801655.html,https://boards.greenhouse.io/signifyd95/jobs/5547522,South America,"Hybrid, 100% Salary, Four Days","AWS, GCP, Terraform, SIEM, Kubernetes","Security, Engineering",,,,3780801655
1810,https://mx.linkedin.com/jobs/view/senior-cloud-security-engineer-at-signifyd-3791800008,Signifyd,Senior Cloud Security Engineer,"Mexico City, Mexico",data/processed/okjob.io/full_job_description/okjob_jobdesc_id=3791800008.html,https://boards.greenhouse.io/signifyd95/jobs/5586716,North America,"Hybrid, 100% Salary, Four Days","AWS, GCP, Terraform, SIEM, Kubernetes","Security, Engineering",,,,3791800008
1807,https://br.linkedin.com/jobs/view/advertiser-intern-f-m-d-at-awin-global-3775901901,Awin Global,Advertiser Intern (f/m/d),"São Paulo, Brazil",data/processed/okjob.io/full_job_description/okjob_jobdesc_id=3775901901.html,https://www.awin.com/gb/careers/vacancies/5826861003,South America,"Flexible, 100% Salary, Four Days","Excel, Spanish, English, Automation, Process-Improvement","Business Development, Customer Support",,,,3775901901
1807,https://nl.linkedin.com/jobs/view/global-account-manager-f-m-d-at-awin-global-3775901888,Awin Global,Global Account Manager (f/m/d),"Amsterdam, North Holland, Netherlands",data/processed/okjob.io/full_job_description/okjob_jobdesc_id=3775901888.html,https://www.awin.com/gb/careers/vacancies/5826317003,Europe,"Flexible, Four Days, 100% Salary","Affiliate Marketing, Account Management, Digital Marketing, Client Relations, Presentation Skills","Sales & Account Management, Business Development",,,,3775901888
1759,https://www.linkedin.com/jobs/view/head-of-product-marketing-usa-only-100%25-remote-at-close-3779382404,Close,Head of Product Marketing (USA Only - 100% Remote),United States,data/processed/okjob.io/full_job_description/okjob_jobdesc_id=3779382404.html,https://jobs.lever.co/close.io/64c351ba-fd3c-4494-8429-c59c611c7661,North America,"Remote, 100% Salary, Four Days","SaaS, CRM, Product-Marketing, B2B, GTM","Marketing, Product",,,,3779382404
1715,https://www.linkedin.com/jobs/view/payroll-manager-at-thredup-3785541233,thredUP,Payroll Manager,"Scottsdale, AZ",data/processed/okjob.io/full_job_description/okjob_jobdesc_id=3785541233.html,https://www.thredup.com/careers/jobs/265,North America,"Hybrid, 100% Salary, Four Days","Workday, ADP, Multi-state, Excel, SOX compliance","Accounting & Finance, HR & Recruiting",,102000,122000,3785541233
1715,https://www.linkedin.com/jobs/view/staff-applied-scientist-at-thredup-3795201341,thredUP,Staff Applied Scientist,"Oakland, CA",data/processed/okjob.io/full_job_description/okjob_jobdesc_id=3795201341.html,https://www.thredup.com/careers/jobs/459,North America,"Hybrid, 100% Salary, Four Days","SQL, Python, Machine Learning, Econometrics, Big Data","Data & Analytics, Engineering",,190000,230000,3795201341
4111,https://uk.linkedin.com/jobs/view/paid-media-executive-at-reflect-digital-3801435968,Reflect Digital,Paid Media Executive,"Maidstone, England, United Kingdom",data/processed/okjob.io/full_job_description/okjob_jobdesc_id=3801435968.html,https://www.reflectdigital.co.uk/careers/senior-paid-media-executive,Europe,"Hybrid, 100% Salary, Four Days","PaidSearch, AdCopy, DataAnalysis, BudgetManagement, ClientRelationships","Marketing, Advertising & PR",,,,3801435968
4121,https://uk.linkedin.com/jobs/view/headhunter-at-the-curve-group-3784596932,The Curve Group,Headhunter,"Hinton in the Hedges, England, United Kingdom",data/processed/okjob.io/full_job_description/okjob_jobdesc_id=3784596932.html,https://jobs.smartrecruiters.com/CurveGroupHoldingsLimited/743999951483278-headhunter,Europe,"Hybrid, Flexible, Four Days, 100% Salary","Recruitment, Sales, Networking, Sourcing, Screening","HR & Recruiting, Sales & Account Management",35,,,3784596932
4121,https://uk.linkedin.com/jobs/view/bids-content-executive-at-the-curve-group-3793251470,The Curve Group,Bids & Content Executive,"Brackley, England, United Kingdom",data/processed/okjob.io/full_job_description/okjob_jobdesc_id=3793251470.html,https://jobs.smartrecruiters.com/CurveGroupHoldingsLimited/743999947424144-bids-content-executive,Europe,"Flexible, 100% Salary, Four Days","SEO, WordPress, CRM, PowerPoint, Research","HR & Recruiting, Marketing",35,,,3793251470
4131,https://www.linkedin.com/jobs/view/accounts-receivable-clerk-at-qwick-3784456599,Qwick,Accounts Receivable Clerk,"Phoenix, AZ",data/processed/okjob.io/full_job_description/okjob_jobdesc_id=3784456599.html,https://www.linkedin.com/jobs/view/3784456599/,North America,"Hybrid, 100% Salary, Four Days","Excel, QuickBooks, SQL, Salesforce, Looker","Accounting & Finance, Customer Support",,,,3784456599
4139,https://uk.linkedin.com/jobs/view/sales-coordinator-l-e-miami-at-this-is-beyond-ltd-3797022155,This is Beyond Ltd,Sales Coordinator - L.E Miami,"West Kensington, England, United Kingdom",data/processed/okjob.io/full_job_description/okjob_jobdesc_id=3797022155.html,https://careers.thisisbeyond.com/jobs/3284193-sales-coordinator-l-e-miami,Europe,"Hybrid, 100% Salary, Four Days","Salesforce, Administration, Hospitality, Luxury_Travel, Lead_Generation","Sales & Account Management, Administration & Facilities",,,,3797022155
4153,https://www.linkedin.com/jobs/view/sales-development-representative-sdr-at-monograph-3770763329,Monograph,Sales Development Representative (SDR),"San Francisco, CA",data/processed/okjob.io/full_job_description/okjob_jobdesc_id=3770763329.html,https://monograph.com/careers-post?gh_jid=4804529004,North America,"Remote, 100% Salary, Four Days","AutoCAD, ProjectManagement, SaaS, CRM, Sales","Sales & Account Management, Business Development",,50000,85000,3770763329
4163,https://www.linkedin.com/jobs/view/digital-engagement-associate-at-run-for-something-3801103828,Run for Something,Digital Engagement Associate,United States,data/processed/okjob.io/full_job_description/okjob_jobdesc_id=3801103828.html,https://jobs.lever.co/RunForSomething/07253829-1339-401b-bc3e-c545e53800a6,North America,"Remote, 100% Salary, Four Days","Social Media Management, Content Creation, Graphic Design, Video Editing, CMS (Content Management System)","Communications, Marketing",,,72600,3801103828
4163,https://www.linkedin.com/jobs/view/data-engineer-at-run-for-something-3755031443,Run for Something,Data Engineer,United States,data/processed/okjob.io/full_job_description/okjob_jobdesc_id=3755031443.html,https://jobs.lever.co/RunForSomething/e9829c9e-584a-4f75-a171-94f68c8e8c13,North America,"Remote, 100% Salary, Four Days","SQL, Python, BigQuery, Dataflow, Airflow",Data & Analytics,,98000,98100,3755031443
4197,https://in.linkedin.com/jobs/view/sensational-sales-development-representative-remote-india-at-shape-construction-3796837324,Shape Construction,Sensational Sales Development Representative,India,data/processed/okjob.io/full_job_description/okjob_jobdesc_id=3796837324.html,https://laminar.applytojob.com/apply/jobs/details/sST4zT1XGd?&,Asia,"Hybrid, 100% Salary, Four Days","CRM, SaaS, LeadGeneration, DigitalSales, Prospecting","Sales & Account Management, Business Development",32,,,3796837324
4197,https://in.linkedin.com/jobs/view/react-native-software-engineer-4-day-week-%2B-remote-india-at-shape-construction-3791864996,Shape Construction,React Native Software Engineer,India,data/processed/okjob.io/full_job_description/okjob_jobdesc_id=3791864996.html,https://laminar.applytojob.com/apply/jobs/details/GCPiGGiQqY?&,Asia,"Hybrid, Four Days, 100% Salary","ReactJS, React Native, Swift, Kotlin, Ruby","Engineering, IT Support",,,,3791864996
4197,https://ph.linkedin.com/jobs/view/sensational-sales-development-representative-remote-philippines-at-shape-construction-3796832962,Shape Construction,Sensational Sales Development Representative,Philippines,data/processed/okjob.io/full_job_description/okjob_jobdesc_id=3796832962.html,https://laminar.applytojob.com/apply/jobs/details/UfKgXw0hd4?&,Asia,"Flexible, 100% Salary, Four Days","CRM, SaaS, LeadGeneration, DigitalSales, HubSpot","Sales & Account Management, Business Development",,,,3796832962
4197,https://in.linkedin.com/jobs/view/mlops-engineer-4-day-week-%2B-remote-india-at-shape-construction-3802927260,Shape Construction,MLOps Engineer,India,data/processed/okjob.io/full_job_description/okjob_jobdesc_id=3802927260.html,https://laminar.applytojob.com/apply/jobs/details/iMLGf7PIzn?&,Asia,"Hybrid, 100% Salary, Four Days","MLOps, LLM, CloudComputing, MachineLearning, ProblemSolving","Engineering, Data & Analytics",32,,,3802927260
4197,https://ph.linkedin.com/jobs/view/mlops-engineer-4-day-week-%2B-remote-philippines-at-shape-construction-3802931035,Shape Construction,MLOps Engineer,Philippines,data/processed/okjob.io/full_job_description/okjob_jobdesc_id=3802931035.html,https://laminar.applytojob.com/apply/jobs/details/cQGU90AdcW?&,Asia,"Hybrid, Four Days, 100% Salary","MLOps, LLM, CloudComputing, MachineLearning, ProblemSolving","Engineering, IT Support",,,,3802931035
4197,https://ph.linkedin.com/jobs/view/react-native-software-engineer-4-day-week-%2B-remote-philippines-at-shape-construction-3791871289,Shape Construction,React Native Software Engineer,Philippines,data/processed/okjob.io/full_job_description/okjob_jobdesc_id=3791871289.html,https://laminar.applytojob.com/apply/jobs/details/OWzBrpIBH2?&,Asia,"Hybrid, 100% Salary, Four Days","ReactJS, React Native, Swift, Kotlin, Ruby","Engineering, IT Support",,,,3791871289
4197,https://ph.linkedin.com/jobs/view/senior-product-designer-ux-ui-remote-philippines-at-shape-construction-3796831878,Shape Construction,Senior Product Designer,Philippines,data/processed/okjob.io/full_job_description/okjob_jobdesc_id=3796831878.html,https://laminar.applytojob.com/apply/jobs/details/8XINSXjQIW?&,Asia,"Hybrid, 100% Salary, Four Days","UX/UI, SaaS, UserResearch, DesignSystem, Prototyping","Design, Product",32,,,3796831878
4711,https://uk.linkedin.com/jobs/view/junior-intermediate-lighting-designer-at-elektra-lighting-3798483266,Elektra Lighting,Junior / Intermediate Lighting Designer,"London, England, United Kingdom",data/processed/okjob.io/full_job_description/okjob_jobdesc_id=3798483266.html,https://www.elektralighting.co.uk/careers/,Europe,"Hybrid, 100% Salary, Four Days","Dialux, AutoCAD, InDesign, Photoshop, REVIT","Design, Architecture",35,,,3798483266
4727,https://www.linkedin.com/jobs/view/staff-architect-at-bsb-design-3726826340,BSB Design,Staff Architect,"Palatine, IL",data/processed/okjob.io/full_job_description/okjob_jobdesc_id=3726826340.html,https://www.paycomonline.net/v4/ats/web.php/jobs/ViewJobDetails?job=85050&clientkey=91A3318695296C3D5FB1FB280F79AEA7,North America,"Hybrid, 100% Salary, Four Days","AutoCAD, Architecture, ConstructionCodes, Teamwork, DetailOriented","Architecture, Engineering",,,,3726826340
4727,https://www.linkedin.com/jobs/view/residential-job-captain-at-bsb-design-3699019599,BSB Design,Residential Job Captain,"Greater Los Angeles, CA",data/processed/okjob.io/full_job_description/okjob_jobdesc_id=3699019599.html,https://www.linkedin.com/jobs/view/3699019599/,North America,"Hybrid, 100% Salary, Four Days","Revit, BIM, Bluebeam, Building Code, Construction Observation","Architecture, Project Management",,,,3699019599
4727,https://www.linkedin.com/jobs/view/architectural-commercial-job-captain-at-bsb-design-3768098502,BSB Design,Architectural Commercial Job Captain,"Los Angeles, CA",data/processed/okjob.io/full_job_description/okjob_jobdesc_id=3768098502.html,https://www.linkedin.com/jobs/view/3768098502/,North America,"Hybrid, Four Days, 100% Salary","Revit, Bluebeam, BIM, BuildingCode, ConstructionDocumentation","Architecture, Engineering",,,,3768098502
4727,https://www.linkedin.com/jobs/view/project-architect-at-bsb-design-3513222576,BSB Design,Project Architect,"Charlotte, NC",data/processed/okjob.io/full_job_description/okjob_jobdesc_id=3513222576.html,https://www.linkedin.com/jobs/view/3513222576/,North America,"Hybrid, Four Days, 100% Salary","AutoCAD, Supervisory, Communication, Deadline-Management, Architecture","Architecture, Project Management",,,,3513222576
4733,https://www.linkedin.com/jobs/view/strategic-customer-success-manager-at-wonderlic-3795918600,Wonderlic,Strategic Customer Success Manager,United States,data/processed/okjob.io/full_job_description/okjob_jobdesc_id=3795918600.html,https://wonderlic.com/jobs/?gh_jid=4294588006,North America,"Remote, 100% Salary, Four Days","SaaS, CustomerSuccess, Sales, AccountManagement, EmployeeDevelopment","Business Development, Sales & Account Management",32,110000,140000,3795918600
4743,https://uk.linkedin.com/jobs/view/senior-software-engineer-at-stora-3802925409,Stora,Senior Software Engineer,United Kingdom,data/processed/okjob.io/full_job_description/okjob_jobdesc_id=3802925409.html,https://stora.co/uk/careers/senior-software-engineer,Europe,"Remote, 100% Salary, Four Days","Ruby, JavaScript, Rails, PostgreSQL, Sidekiq",Engineering,32,,,3802925409
5503,https://es.linkedin.com/jobs/view/junior-commercial-operations-specialist-m-f-d-remote-in-madrid-at-savings-united-gmbh-3808245761,Savings United GmbH,Junior Commercial Operations Specialist,"Madrid, Community of Madrid, Spain",data/processed/okjob.io/full_job_description/okjob_jobdesc_id=3808245761.html,https://jobs.eu.lever.co/savings-united/def9e5c3-49fb-40c4-a74e-b92b78c9f926,Europe,"Remote, 100% Salary, Four Days","Affiliate Marketing, Business Intelligence, Data Analytics, Digital Marketing, Accounting","Business Development, Operations",,,,3808245761
5508,https://www.linkedin.com/jobs/view/machine-learning-engineer-at-simprints-3803656823,Simprints,Machine Learning Engineer,European Economic Area,data/processed/okjob.io/full_job_description/okjob_jobdesc_id=3803656823.html,https://apply.workable.com/simprints/j/1750E2FC1A/,Europe,"Remote, 100% Salary, Four Days","MachineLearning, Biometrics, CloudComputing, MobileDevelopment, OpenSource","Nonprofit & Philanthropy, Engineering",,,,3803656823
5508,https://uk.linkedin.com/jobs/view/senior-back-end-cloud-engineer-at-simprints-3803667625,Simprints,Senior Back End Cloud Engineer,United Kingdom,data/processed/okjob.io/full_job_description/okjob_jobdesc_id=3803667625.html,https://apply.workable.com/simprints/j/F0E626B497/,Europe,"Flexible, 100% Salary, Four Days","GCP, SQL/BigQuery, Go, Terraform, Serverless","Nonprofit & Philanthropy, Engineering",,,,3803667625
5516,https://www.linkedin.com/jobs/view/product-manager-remote-friendly-at-colab-3778947942,COLAB,Product Manager,"Richmond, VA",data/processed/okjob.io/full_job_description/okjob_jobdesc_id=3778947942.html,https://www.teamcolab.com/careers/product-manager/,North America,"Hybrid, 100% Salary, Four Days","Agile, Jira, Trello, ProductManagement, StakeholderAlignment","Product, Project Management",,,,3778947942
5526,https://au.linkedin.com/jobs/view/senior-account-executive-pr-at-praytell-3789759182,Praytell,Senior Account Executive,"Melbourne, Victoria, Australia",data/processed/okjob.io/full_job_description/okjob_jobdesc_id=3789759182.html,https://apply.workable.com/praytell/j/F336542382/,Australia-Oceania,"Remote, 100% Salary, Four Days","PublicRelations, MediaOutreach, ClientService, StrategicPlanning, AccountManagement","Communications, Sales & Account Management",,,,3789759182
3297,https://at.linkedin.com/jobs/view/senior-product-owner-manager-at-tractive-3814553153,Tractive,Senior Product Owner/Manager,"Linz, Upper Austria, Austria",data/processed/okjob.io/full_job_description/okjob_jobdesc_id=3814553153.html,https://tractive.com/en/jd/senior-product-owner-manager,Europe,"Hybrid, 100% Salary, Four Days","ProductManagement, SoftwareDevelopment, DataAnalysis, DigitalProducts, Agile","Product, Project Management",35,,,3814553153
3297,https://at.linkedin.com/jobs/view/digital-analytics-manager-at-tractive-3814551890,Tractive,Digital Analytics Manager,"Linz, Upper Austria, Austria",data/processed/okjob.io/full_job_description/okjob_jobdesc_id=3814551890.html,https://tractive.com/en/jd/digital-analytics-manager,Europe,"Hybrid, 100% Salary, Four Days","Google Analytics, Firebase, Google Tag Manager, SQL, BigQuery","Data & Analytics, Project Management",35,,,3814551890
3297,https://at.linkedin.com/jobs/view/senior-full-stack-developer-at-tractive-3791294095,Tractive,Senior Full-Stack Developer,"Linz, Upper Austria, Austria",data/processed/okjob.io/full_job_description/okjob_jobdesc_id=3791294095.html,https://tractive.com/en/jd/senior-full-stack-developer,Europe,"Hybrid, 100% Salary, Four Days","Kotlin, Spring Boot, Angular, MongoDB, Docker",Engineering,35,,,3791294095
3297,https://at.linkedin.com/jobs/view/senior-software-developer-java-kotlin-at-tractive-3791291345,Tractive,Senior Software Developer Java/Kotlin,"Linz, Upper Austria, Austria",data/processed/okjob.io/full_job_description/okjob_jobdesc_id=3791291345.html,https://tractive.com/en/jd/senior-software-developer-java-kotlin,Europe,"Hybrid, 100% Salary, Four Days","Spring Boot, NoSQL, Docker, Message Queues, Continuous Deployment",Engineering,35,,,3791291345
3297,https://at.linkedin.com/jobs/view/senior-software-developer-ruby-on-rails-at-tractive-3798566512,Tractive,Senior Software Developer Ruby on Rails,"Linz, Upper Austria, Austria",data/processed/okjob.io/full_job_description/okjob_jobdesc_id=3798566512.html,https://tractive.com/en/jd/senior-software-developer-ruby-on-rails,Europe,"Hybrid, 100% Salary, Four Days","Ruby-on-Rails, NoSQL, Docker, Message-Queues, Continuous-Deployment",Engineering,35,,,3798566512
946,https://pl.linkedin.com/jobs/view/fullstack-software-engineer-full-time-at-bolt-3802805306,Bolt,Fullstack Software,"Wrocław, Dolnośląskie, Poland",data/processed/okjob.io/full_job_description/okjob_jobdesc_id=3802805306.html,https://www.linkedin.com/jobs/view/3802805306/,Europe,"Hybrid, 100% Salary, Four Days",".NET, Go, Kafka, AWS, Microservices",Engineering,,,,3802805306
946,https://pl.linkedin.com/jobs/view/backend-software-engineer-full-time-bce-at-bolt-3802802487,Bolt,Backend Software Engineer,"Wrocław, Dolnośląskie, Poland",data/processed/okjob.io/full_job_description/okjob_jobdesc_id=3802802487.html,https://www.linkedin.com/jobs/view/3802802487/,Europe,"Hybrid, 100% Salary, Four Days",".NET, Go, Kafka, AWS, Microservices",Engineering,,,,3802802487
946,https://www.linkedin.com/jobs/view/senior-software-engineer-at-bolt-3752406625,Bolt,Senior Software Engineer,United States,data/processed/okjob.io/full_job_description/okjob_jobdesc_id=3752406625.html,https://boards.greenhouse.io/bolt42/jobs/4982132004,North America,"Remote, 100% Salary, Four Days","Golang, GraphQL, Docker, Kubernetes, AWS","Engineering, Product",,,,3752406625
2577,https://uk.linkedin.com/jobs/view/interim-financial-planning-manager-at-atom-bank-3813976322,Atom bank,Interim Financial Planning Manager,"Pity Me, England, United Kingdom",data/processed/okjob.io/full_job_description/okjob_jobdesc_id=3813976322.html,https://www.atombank.co.uk/careers/finance/interim-financial-planning-manager/,Europe,"Hybrid, 100% Salary, Four Days","FP&A, ACA/ACCA/CIMA, Excel, FinancialServices, StressTesting","Accounting & Finance, Data & Analytics",,,,3813976322
1997,https://uk.linkedin.com/jobs/view/head-of-sales-at-scoro-3803005531,Scoro,Head of Sales,"London, England, United Kingdom",data/processed/okjob.io/full_job_description/okjob_jobdesc_id=3803005531.html,https://www.scoro.com/careers/head-of-sales-uk,Europe,"Hybrid, Four Days, 100% Salary","SaaS, SalesLeadership, PipelineManagement, B2B, Negotiation","Sales & Account Management, Management",32,,,3803005531
1997,https://ee.linkedin.com/jobs/view/paid-marketing-manager-at-scoro-3803002604,Scoro,Paid Marketing Manager,"Tallinn, Harjumaa, Estonia",data/processed/okjob.io/full_job_description/okjob_jobdesc_id=3803002604.html,https://www.scoro.com/careers/paid-marketing-manager,Europe,"Hybrid, Four Days, 100% Salary","GoogleAds, LinkedIn, Retargeting, Analytics, ABM","Marketing, Product",32,,,3803002604
1866,https://uk.linkedin.com/jobs/view/games-analyst-at-hutch-3807541033,Hutch,Games Analyst,"London, England, United Kingdom",data/processed/okjob.io/full_job_description/okjob_jobdesc_id=3807541033.html,https://apply.workable.com/hutch/j/F033B0C7C5/apply/,Europe,"Hybrid, 100% Salary, Four Days","SQL, Excel, Python, Tableau, Amplitude","Data & Analytics, IT Support",,,,3807541033
1866,https://uk.linkedin.com/jobs/view/senior-product-manager-at-hutch-3803133454,Hutch,Senior Product Manager,"London, England, United Kingdom",data/processed/okjob.io/full_job_description/okjob_jobdesc_id=3803133454.html,https://apply.workable.com/hutch/j/A37792DBFC/apply/,Europe,"Hybrid, 100% Salary, Four Days","A/B Testing, Live-Ops, Game Economy, SQL, Free-to-Play","Product, Data & Analytics",,,,3803133454
1866,https://uk.linkedin.com/jobs/view/technical-artist-at-hutch-3803131538,Hutch,Technical Artist,"London, England, United Kingdom",data/processed/okjob.io/full_job_description/okjob_jobdesc_id=3803131538.html,https://apply.workable.com/hutch/j/99E8E164FD/apply/,Europe,"Hybrid, 100% Salary, Four Days","Unity, Shaders, Scripting, Maya, Photoshop",Design,,,,3803131538
1866,https://uk.linkedin.com/jobs/view/senior-game-designer-at-hutch-3803135245,Hutch,Senior Game Designer,"London, England, United Kingdom",data/processed/okjob.io/full_job_description/okjob_jobdesc_id=3803135245.html,https://apply.workable.com/hutch/j/BDE9BC20B0/apply/,Europe,"Hybrid, 100% Salary, Four Days","GameDesign, PlayerPsychology, Free-to-Play, Prototyping, CrossFunctional",Design,,,,3803135245
1810,https://mx.linkedin.com/jobs/view/manager-customer-success-at-signifyd-3810586590,Signifyd,"Manager, Customer Success","Mexico City, Mexico",data/processed/okjob.io/full_job_description/okjob_jobdesc_id=3810586590.html,https://boards.greenhouse.io/signifyd95/jobs/5617609,North America,"Hybrid, 4 Day Week, 100% Salary","CustomerSuccess, AccountManagement, DataAnalysis, E-commerce, SaaS","Customer Support, Management",,,,3810586590
1810,https://uk.linkedin.com/jobs/view/freelance-motion-designer-at-signifyd-3812437958,Signifyd,Freelance Motion Designer,"Belfast, Northern Ireland, United Kingdom",data/processed/okjob.io/full_job_description/okjob_jobdesc_id=3812437958.html,https://boards.greenhouse.io/signifyd95/jobs/5638607,Europe,"Contract, 100% Salary, 4 Day Week","AfterEffects, PremierePro, Storyboarding, Animation, Branding","Design, Marketing",,,,3812437958
1810,https://uk.linkedin.com/jobs/view/freelance-motion-designer-at-signifyd-3812440601,Signifyd,Freelance Motion Designer,"London, England, United Kingdom",data/processed/okjob.io/full_job_description/okjob_jobdesc_id=3812440601.html,https://boards.greenhouse.io/signifyd95/jobs/5638605,Europe,"Contract, 100% Salary, 4 Day Week","AfterEffects, PremierePro, Storyboarding, Animation, Branding","Design, Marketing",,,,3812440601
1810,https://www.linkedin.com/jobs/view/account-executive-ii-at-signifyd-3814065173,Signifyd,Account Executive II,New York City Metropolitan Area,data/processed/okjob.io/full_job_description/okjob_jobdesc_id=3814065173.html,https://boards.greenhouse.io/signifyd95/jobs/5642146,North America,"Hybrid, 100% Salary, 4 Day Week","SaaS, Ecommerce, Solution-Selling, CRM, Fraud-Prevention","Sales & Account Management, Business Development",,100000,110000,3814065173
1810,https://www.linkedin.com/jobs/view/account-executive-ii-at-signifyd-3814058928,Signifyd,Account Executive II,"San Jose, CA",data/processed/okjob.io/full_job_description/okjob_jobdesc_id=3814058928.html,https://boards.greenhouse.io/signifyd95/jobs/5642146,North America,"Hybrid, 100% Salary, 4 Day Week","SaaS, Ecommerce, Solution-Selling, Fraud-Prevention, CRM","Sales & Account Management, Business Development",,100000,110000,3814058928
1810,https://www.linkedin.com/jobs/view/account-executive-ii-at-signifyd-3814065168,Signifyd,Account Executive II,"Denver, CO",data/processed/okjob.io/full_job_description/okjob_jobdesc_id=3814065168.html,https://boards.greenhouse.io/signifyd95/jobs/5642146,North America,"Hybrid, 100% Salary, 4 Day Week","SaaS, Solution-Selling, Fraud-Prevention, Revenue-Optimization, Cross-Functional","Sales & Account Management, Business Development",,100000,110000,3814065168
1810,https://www.linkedin.com/jobs/view/director-product-marketing-at-signifyd-3808635185,Signifyd,"Director, Product Marketing",United States,data/processed/okjob.io/full_job_description/okjob_jobdesc_id=3808635185.html,https://boards.greenhouse.io/signifyd95/jobs/5614554,North America,"Hybrid, 4 Day Week, 100% Salary","e-commerce, Product-Marketing, B2B, Salesforce, Marketo","Marketing, Product",,156000,210000,3808635185
1810,https://br.linkedin.com/jobs/view/manager-customer-success-at-signifyd-3810589424,Signifyd,"Manager, Customer Success","São Paulo, São Paulo, Brazil",data/processed/okjob.io/full_job_description/okjob_jobdesc_id=3810589424.html,https://boards.greenhouse.io/signifyd95/jobs/5633760,South America,"Hybrid, 100% Salary, 4 Day Week","e-commerce, fraud, artificial-intelligence, customer-success, data-analysis","Customer Support, Management",,,,3810589424
1810,https://www.linkedin.com/jobs/view/revenue-operations-specialist-contract-at-signifyd-3809921578,Signifyd,Revenue Operations Specialist (Contract),United States,data/processed/okjob.io/full_job_description/okjob_jobdesc_id=3809921578.html,https://boards.greenhouse.io/signifyd95/jobs/5630179,North America,"Contract, 100% Salary, 4 Day Week","Salesforce, Excel, Dataloader.io, JIRA, Confluence","Sales & Account Management, Data & Analytics",,25000,33000,3809921578
1809,https://www.linkedin.com/jobs/view/senior-customer-success-manager-at-feathr-3802326584,Feathr,Senior Customer Success Manager,"Gainesville, FL",data/processed/okjob.io/full_job_description/okjob_jobdesc_id=3802326584.html,https://jobs.ashbyhq.com/feathr/9b306479-df1b-4ac9-9794-49df818294d0,North America,"Remote, 100% Salary, 4 Day Week","SaaS, Account Management, Customer Success, Digital Marketing, Nonprofit Industry","Marketing, Customer Support",32,70000,116000,3802326584
1808,https://uk.linkedin.com/jobs/view/german-digital-pr-executive-at-reboot-3814387037,Reboot,German Digital PR Executive,United Kingdom,data/processed/okjob.io/full_job_description/okjob_jobdesc_id=3814387037.html,https://www.rebootonline.com/job-vacancies/14-Digital-PR-Executive---German/,Europe,"Remote, 100% Salary, 4 Day Week","SEO, Digital-PR, Content-Writing, Media-Relations, Multitasking","Marketing, Communications",,,,3814387037
1807,https://ro.linkedin.com/jobs/view/marketing-assistant-f-m-d-at-awin-global-3803691716,Awin Global,Marketing Assistant,Romania,data/processed/okjob.io/full_job_description/okjob_jobdesc_id=3803691716.html,https://www.awin.com/ie/careers/vacancies/5815771003,Europe,"Hybrid, Remote, 4 Day Week","SEO, Google Analytics, Social Media, Microsoft Office, Content Management","Marketing, Communications",,,,3803691716
1807,https://pl.linkedin.com/jobs/view/junior-information-security-grc-analyst-f-m-d-at-awin-global-3797010983,Awin Global,Junior Information Security GRC Analyst,Poland,data/processed/okjob.io/full_job_description/okjob_jobdesc_id=3797010983.html,https://www.awin.com/ie/careers/vacancies/5851864003,Europe,"Hybrid, Remote, 4 Day Week","ISO27001, GDPR, PCI/DSS, GRC, MicrosoftOffice","Security, Data & Analytics",,,,3797010983
1807,https://nl.linkedin.com/jobs/view/product-manager-f-m-d-at-awin-global-3799945240,Awin Global,Product Manager,"Amsterdam, North Holland, Netherlands",data/processed/okjob.io/full_job_description/okjob_jobdesc_id=3799945240.html,https://www.awin.com/ie/careers/vacancies/5856102003,Europe,"Hybrid, 100% Salary, 4 Day Week","ProductManagement, Agile, Scrum, MarketAnalysis, UserStoryWriting","Product, Project Management",,,,3799945240
1807,https://de.linkedin.com/jobs/view/data-engineer-f-m-d-at-awin-global-3798145727,Awin Global,Data Engineer,Cologne Bonn Region,data/processed/okjob.io/full_job_description/okjob_jobdesc_id=3798145727.html,https://www.awin.com/ie/careers/vacancies/5853316003,Europe,"Hybrid, 100% Salary, 4 Day Week","SQL, Python, Azure, ETL, Data Warehousing","Data & Analytics, IT Support",,,,3798145727
1807,https://ro.linkedin.com/jobs/view/junior-information-security-grc-analyst-f-m-d-at-awin-global-3797016337,Awin Global,Junior Information Security GRC Analyst,Romania,data/processed/okjob.io/full_job_description/okjob_jobdesc_id=3797016337.html,https://www.awin.com/ie/careers/vacancies/5851869003,Europe,"Hybrid, 100% Salary, 4 Day Week","ISO27001, GDPR, PCI/DSS, GRC, MicrosoftOffice","Security, Data & Analytics",,,,3797016337
1759,https://www.linkedin.com/jobs/view/head-of-content-usa-only-100%25-remote-at-close-3811210116,Close,Head of Content,United States,data/processed/okjob.io/full_job_description/okjob_jobdesc_id=3811210116.html,https://jobs.lever.co/close.io/43cd206f-c4f1-434e-afcc-cdea0fd72ed7,North America,"Remote, 100% Salary, 4 Day Week","SEO, WordPress, SaaS, Content_Strategy, Leadership","Marketing, Writing",,,,3811210116
1759,https://www.linkedin.com/jobs/view/head-of-demand-generation-usa-only-100%25-remote-at-close-3684969427,Close,Head of Demand Generation,United States,data/processed/okjob.io/full_job_description/okjob_jobdesc_id=3684969427.html,https://jobs.lever.co/close.io/6fb52491-3078-4067-bea2-3651d477b0d5,North America,"Remote, 100% Salary, 4 Day Week","CRM, SEM, GoogleAnalytics, Ahrefs, Customer.io","Marketing, Business Development",,,,3684969427
1715,https://www.linkedin.com/jobs/view/brand-communications-coordinator-at-thredup-3817415129,ThredUp,Brand Communications Coordinator,"Oakland, CA",data/processed/okjob.io/full_job_description/okjob_jobdesc_id=3817415129.html,https://www.thredup.com/careers/jobs/532,North America,"Hybrid, 4 Day Week, 100% Salary","Project Management, Data Science, Communication Skills, Sustainable Fashion, Media Monitoring","Communications, Marketing",32,79500,107000,3817415129
1715,https://www.linkedin.com/jobs/view/sr-business-partner-people-at-thredup-3813335444,ThredUp,"Sr. Business Partner, People","Lancaster, TX",data/processed/okjob.io/full_job_description/okjob_jobdesc_id=3813335444.html,https://www.thredup.com/careers/jobs/524,North America,"Hybrid, 4 Day Week, 100% Salary","HRIS, Employee Relations, Performance Management, EEOC Compliance, OSHA Compliance","HR & Recruiting, Operations",32,90000,120000,3813335444
1715,https://www.linkedin.com/jobs/view/digital-marketing-coordinator-at-thredup-3809912078,ThredUp,Digital Marketing Coordinator,"Oakland, CA",data/processed/okjob.io/full_job_description/okjob_jobdesc_id=3809912078.html,https://www.thredup.com/careers/jobs/511,North America,"Hybrid, 4 Day Week, 100% Salary","CMS, A/B Testing, Split.io, Project Management, Data Analysis","Marketing, Product",32,,,3809912078
1715,https://www.linkedin.com/jobs/view/sr-manager-supply-chain-logistics-at-thredup-3815859099,ThredUp,"Sr. Manager, Supply Chain Logistics","Scottsdale, AZ",data/processed/okjob.io/full_job_description/okjob_jobdesc_id=3815859099.html,https://www.thredup.com/careers/jobs/526,North America,"Hybrid, 4 Day Week, 100% Salary","Supply Chain, Logistics, Spreadsheet Modeling, Data Analysis, Negotiation",Operations,32,105000,140000,3815859099
1715,https://www.linkedin.com/jobs/view/senior-corporate-communications-manager-at-thredup-3812426153,ThredUp,Senior Corporate Communications Manager,"Oakland, CA",data/processed/okjob.io/full_job_description/okjob_jobdesc_id=3812426153.html,https://www.thredup.com/careers/jobs/508,North America,"Hybrid, 4 Day Week, 100% Salary","Data Analysis, Public Relations, Storytelling, Media Relations, ESG Strategy","Communications, Marketing",32,130000,160000,3812426153
1715,https://www.linkedin.com/jobs/view/staff-applied-scientist-marketplace-at-thredup-3795201341,ThredUp,"Staff Applied Scientist, Marketplace","Oakland, CA",data/processed/okjob.io/full_job_description/okjob_jobdesc_id=3795201341.html,https://www.thredup.com/careers/jobs/459,North America,"Hybrid, 4 Day Week, 100% Salary","SQL, Python, Machine Learning, Econometrics, Big Data","Data & Analytics, Engineering",32,190000,230000,3795201341
1715,https://www.linkedin.com/jobs/view/senior-software-engineer-search-ranking-at-thredup-3807993139,ThredUp,"Senior Software Engineer, Search & Ranking","Oakland, CA",data/processed/okjob.io/full_job_description/okjob_jobdesc_id=3807993139.html,https://www.thredup.com/careers/jobs/464,North America,"Hybrid, 4 Day Week, 100% Salary","Elasticsearch, JVM, Kubernetes, AWS, Kafka","Engineering, Data & Analytics",32,185000,225000,3807993139
1340,https://www.linkedin.com/jobs/view/people-business-partner-at-kickstarter-3811937928,Kickstarter,People Business Partner,United States,data/processed/okjob.io/full_job_description/okjob_jobdesc_id=3811937928.html,https://boards.greenhouse.io/kickstarter/jobs/4205368007?gh_jid=4205368007,North America,"Remote, 100% Salary, 4 Day Week","HR Strategy, Performance Management, Employee Relations, Project Management, Employment Law","HR & Recruiting, Business Development",32,115000,130000,3811937928
1340,https://www.linkedin.com/jobs/view/senior-outreach-lead-comics-at-kickstarter-3797974488,Kickstarter,"Senior Outreach Lead, Comics","New York, NY",data/processed/okjob.io/full_job_description/okjob_jobdesc_id=3797974488.html,https://boards.greenhouse.io/kickstarter/jobs/4174209007?gh_jid=4174209007,North America,"Remote, 100% Salary, 4 Day Week","CRM, Outreach, Crowdfunding, Comics, Public_Speaking","Business Development, Marketing",32,95000,110000,3797974488
3639,https://uk.linkedin.com/jobs/view/new-school-partnerships-executive-at-bedrock-learning-3802188485,Bedrock Learning,New School Partnerships Executive,"London, England, United Kingdom",data/processed/okjob.io/full_job_description/okjob_jobdesc_id=3802188485.html,https://bedrocklearning.org/careers/new-school-partnerships-executive/,Europe,"Hybrid, 100% Salary, 4 Day Week","CRM, Sales, Negotiation, Networking, HubSpot","Sales & Account Management, Business Development",,32000,45000,3802188485
3660,https://ca.linkedin.com/jobs/view/business-development-representative-at-coconut-software-3813101196,Coconut Software,Business Development Representative,Canada,data/processed/okjob.io/full_job_description/okjob_jobdesc_id=3813101196.html,https://boards.greenhouse.io/coconutsoftware/jobs/5065567004,North America,"Hybrid, 100% Salary, 4 Day Week","Salesforce, SaaS, CRM, Multi-channel, Prospecting","Sales & Account Management, Business Development",,,,3813101196
3660,https://ca.linkedin.com/jobs/view/marketing-operations-manager-at-coconut-software-3804588236,Coconut Software,Marketing Operations Manager,Canada,data/processed/okjob.io/full_job_description/okjob_jobdesc_id=3804588236.html,https://boards.greenhouse.io/coconutsoftware/jobs/5061517004,North America,"Contract, 100% Salary, 4 Day Week","Salesforce, Pardot, Google Analytics, Account-Based Marketing, Project Management","Marketing, Operations",,,,3804588236
3660,https://ca.linkedin.com/jobs/view/product-design-manager-at-coconut-software-3803690816,Coconut Software,Product Design Manager,Canada,data/processed/okjob.io/full_job_description/okjob_jobdesc_id=3803690816.html,https://boards.greenhouse.io/coconutsoftware/jobs/5060152004,North America,"Hybrid, 100% Salary, 4 Day Week","UXDesign, PeopleManagement, Agile, CrossFunctionalCollaboration, AnalyticalSkills","Design, Product",,,,3803690816
3674,https://www.linkedin.com/jobs/view/senior-engineering-manager-at-digible-inc-3813851597,"Digible, Inc",Senior Engineering Manager,"Englewood, CO",data/processed/okjob.io/full_job_description/okjob_jobdesc_id=3813851597.html,https://digible.com/why-digible/current-openings/?gh_jid=5059244004,North America,"Hybrid, 100% Salary, 4 Day Week","Python, Machine Learning, Agile, Cloud Computing, SQL","Engineering, Management",32,150000,225000,3813851597
3674,https://www.linkedin.com/jobs/view/principal-software-engineer-at-digible-inc-3813849820,"Digible, Inc",Principal Software Engineer,"Englewood, CO",data/processed/okjob.io/full_job_description/okjob_jobdesc_id=3813849820.html,https://digible.com/why-digible/current-openings/?gh_jid=5059221004,North America,"Hybrid, 100% Salary, 4 Day Week","JavaScript, Node, TypeScript, React, Data-Driven","Engineering, Data & Analytics",32,165000,240000,3813849820
3678,https://ca.linkedin.com/jobs/view/staff-front-end-architect-at-procurify-3768874380,Procurify,Staff Front End Architect,"Vancouver, BC",data/processed/okjob.io/full_job_description/okjob_jobdesc_id=3768874380.html,https://boards.greenhouse.io/procurify/jobs/4340642005,North America,"Remote, 100% Salary, 4 Day Week","React, Typescript, CSS, Python/Django, Kubernetes",Engineering,32,146000,218000,3768874380
3680,https://uk.linkedin.com/jobs/view/senior-digital-pr-manager-4-day-workweek%21-at-seomg%21-3806819216,SEOMG!,Senior Digital PR Manager,"Hove, England, United Kingdom",data/processed/okjob.io/full_job_description/okjob_jobdesc_id=3806819216.html,https://www.linkedin.com/jobs/view/3806819216/,Europe,"Hybrid,100% Salary, 4 Day Week","SEO, DigitalPR, ContentCreation, SocialMedia, Outreach","Marketing, Communications",32,Blank space,,3806819216
3680,https://uk.linkedin.com/jobs/view/senior-seo-consultant-4-day-workweek%21-at-seomg%21-3789361664,SEOMG!,Senior SEO Consultant,"Hove, England, United Kingdom",data/processed/okjob.io/full_job_description/okjob_jobdesc_id=3789361664.html,https://www.linkedin.com/jobs/view/3789361664/,Europe,"Hybrid, 100% Salary, 4 Day Week","SEO, Content_Strategy, Technical_Audit, Project_Management, ClickUp","Marketing, Internet & Ecommerce",32,,,3789361664
4111,https://uk.linkedin.com/jobs/view/paid-media-executive-at-reflect-digital-3806684619,Reflect Digital,Paid Media Executive,"Maidstone, England, United Kingdom",data/processed/okjob.io/full_job_description/okjob_jobdesc_id=3806684619.html,https://www.reflectdigital.co.uk/careers/senior-paid-media-executive,Europe,"Hybrid, 100% Salary, 4 Day Week","PaidSearch, AdCopy, DataAnalysis, BudgetManagement, ClientRelationships",Marketing,,,,3806684619
4111,https://uk.linkedin.com/jobs/view/head-of-delivery-at-reflect-digital-3808418022,Reflect Digital,Head of Delivery,"Maidstone, England, United Kingdom",data/processed/okjob.io/full_job_description/okjob_jobdesc_id=3808418022.html,https://www.reflectdigital.co.uk/careers/head-of-delivery,Europe,"Hybrid, 100% Salary, 4 Day Week","ProjectManagement, Agile, Waterfall, DigitalMarketing, ClientRelationships",Project Management,,,,3808418022
4111,https://uk.linkedin.com/jobs/view/project-manager-at-reflect-digital-3808413032,Reflect Digital,Project Manager,"Maidstone, England, United Kingdom",data/processed/okjob.io/full_job_description/okjob_jobdesc_id=3808413032.html,https://www.linkedin.com/jobs/view/3808413032/,Europe,"Hybrid, 100% Salary, 4 Day Week","Agile, Waterfall, Digital Marketing, Project Management, Risk Management",Project Management,,,,3808413032
4127,https://ar.linkedin.com/jobs/view/marketing-content-specialist-at-nexton-3807988142,Nexton,Marketing Content Specialist,Argentina,data/processed/okjob.io/full_job_description/okjob_jobdesc_id=3807988142.html,https://nextonlabs.zohorecruit.com/jobs/Careers/530420000030618617/NE-Content-Marketing-Specialist?source=CareerSite,South America,"Remote, 100% Salary, 4 Day Week","ContentMarketing, B2BStrategy, SEO, HubSpot, AdobeCreativeSuite","Marketing, Communications",,,,3807988142
4131,https://www.linkedin.com/jobs/view/accounts-receivable-clerk-at-qwick-3830341003,Qwick,Accounts Receivable Clerk,"Phoenix, AZ",data/processed/okjob.io/full_job_description/okjob_jobdesc_id=3830341003.html,https://www.linkedin.com/jobs/view/3830341003/,North America,"Hybrid, 100% Salary, 4 Day Week","Excel, QuickBooks, SQL, Salesforce, Looker","Accounting & Finance, Customer Support",,,,3830341003
4131,https://www.linkedin.com/jobs/view/senior-backend-engineer-at-qwick-3830339119,Qwick,Senior Backend Engineer,"Scottsdale, AZ",data/processed/okjob.io/full_job_description/okjob_jobdesc_id=3830339119.html,https://www.linkedin.com/jobs/view/3830339119/,North America,"Hybrid, 100% Salary, 4 Day Week","ReasonML, Kubernetes, CI/CD, Docker, Terraform",Engineering,,140000,170000,3830339119
4131,https://www.linkedin.com/jobs/view/demand-generation-manager-at-qwick-3830338552,Qwick,Demand Generation Manager,"Phoenix, AZ",data/processed/okjob.io/full_job_description/okjob_jobdesc_id=3830338552.html,https://www.linkedin.com/jobs/view/3830338552/,North America,"Hybrid, 100% Salary, 4 Day Week","Salesforce, HubSpot, Pardot, Digital Marketing, Data Analytics","Marketing, Sales & Account Management",,100000,140000,3830338552
4137,https://www.linkedin.com/jobs/view/humbly-confident-payroll-bookkeeping-specialist-at-ynab-3828575368,YNAB,Humbly Confident Payroll & Bookkeeping Specialist,United States,data/processed/okjob.io/full_job_description/okjob_jobdesc_id=3828575368.html,https://www.linkedin.com/jobs/view/3828575368/,North America,"Remote, 100% Salary, 4 Day Week","Payroll, Bookkeeping, AccountsPayable, Airbase, HRIS","Operations, Accounting & Finance",,58000,72000,3828575368
4137,https://www.linkedin.com/jobs/view/humbly-confident-security-lead-at-ynab-3831895661,YNAB,Humbly Confident Security Lead,United States,data/processed/okjob.io/full_job_description/okjob_jobdesc_id=3831895661.html,https://www.linkedin.com/jobs/view/3831895661/,North America,"Remote, 100% Salary, 4 Day Week","Cybersecurity, SaaS, Risk Assessment, Compliance, Incident Response","Engineering, Security",,142000,170000,3831895661
4139,https://uk.linkedin.com/jobs/view/marketing-project-manager-at-this-is-beyond-ltd-3837586479,This is Beyond Ltd,Marketing Project Manager,"West Kensington, England, United Kingdom",data/processed/okjob.io/full_job_description/okjob_jobdesc_id=3837586479.html,https://www.linkedin.com/jobs/view/3837586479/,Europe,"Hybrid, 4 Day Week, 100% Salary","Asana, Project Management, Budgeting, Events, Resource Allocation","Marketing, Project Management",32,,,3837586479
4139,https://uk.linkedin.com/jobs/view/marketing-project-manager-at-this-is-beyond-ltd-3840094247,This is Beyond Ltd,Marketing Project Manager,"Hammersmith, England, United Kingdom",data/processed/okjob.io/full_job_description/okjob_jobdesc_id=3840094247.html,https://www.linkedin.com/jobs/view/3840094247/,Europe,"Hybrid, 4 Day Week, 100% Salary","Asana, Project Management, Budgeting, Resource Allocation, Workflow Optimisation","Project Management, Operations",32,,,3840094247
4139,https://uk.linkedin.com/jobs/view/head-of-sales-travel-relations-%E2%80%93-l-e-miami-set-at-this-is-beyond-ltd-3837576911,This is Beyond Ltd,Head of Sales & Travel Relations – L.E/Miami & SET,"West Kensington, England, United Kingdom",data/processed/okjob.io/full_job_description/okjob_jobdesc_id=3837576911.html,https://www.linkedin.com/jobs/view/3837576911/,Europe,"Hybrid, 4 Day Week, 100% Salary","Salesforce, B2B, Hospitality, Luxury Travel, Leadership","Sales & Account Management, Business Development",32,,,3837576911
4145,https://uk.linkedin.com/jobs/view/marketing-manager-at-gungho-marketing-ltd-3846031537,Gungho Marketing Ltd,Marketing Manager,"Bournemouth, England, United Kingdom",data/processed/okjob.io/full_job_description/okjob_jobdesc_id=3846031537.html,https://www.linkedin.com/jobs/view/3846031537/,Europe,"Hybrid, 100% Salary, 4 Day Week","Lead Generation, Account-Based Marketing, B2B Marketing, Go-to-Market Strategy, Digital Marketing","Marketing, Management",,,,3846031537
4153,https://www.linkedin.com/jobs/view/senior-software-engineer-at-monograph-3831728797,Monograph,Senior Software Engineer,"Oakland, CA",data/processed/okjob.io/full_job_description/okjob_jobdesc_id=3831728797.html,https://www.linkedin.com/jobs/view/3831728797/,North America,"Remote, 100% Salary, 4 Day Week","React, Typescript, Ruby on Rails, GraphQL, Communication",Engineering,,,,3831728797
4161,https://es.linkedin.com/jobs/view/principal-vfx-artist-at-bandai-namco-mobile-3824785420,Bandai Namco Mobile,Principal VFX Artist,"Barcelona, Catalonia, Spain",data/processed/okjob.io/full_job_description/okjob_jobdesc_id=3824785420.html,https://www.linkedin.com/jobs/view/3824785420/,Europe,"Hybrid, 100% Salary, 4 Day Week","Unity, VFX, Mobile, ShaderGraph, Optimization",Design,,,,3824785420
4161,https://es.linkedin.com/jobs/view/product-manager-at-bandai-namco-mobile-3828055070,Bandai Namco Mobile,Product Manager,"Barcelona, Catalonia, Spain",data/processed/okjob.io/full_job_description/okjob_jobdesc_id=3828055070.html,https://www.linkedin.com/jobs/view/3828055070/,Europe,"Hybrid, 100% Salary, 4 Day Week","ProductManagement, GameEconomies, LiveOps, Analytics, Tableau",Product,,,,3828055070
4161,https://es.linkedin.com/jobs/view/principal-game-developer-at-bandai-namco-mobile-3828052522,Bandai Namco Mobile,Principal Game Developer,"Barcelona, Catalonia, Spain",data/processed/okjob.io/full_job_description/okjob_jobdesc_id=3828052522.html,https://www.linkedin.com/jobs/view/3828052522/,Europe,"Hybrid, 100% Salary, 4 Day Week","Unity, C#, C++, Mobile, F2P",Engineering,,,,3828052522
4175,https://www.linkedin.com/jobs/view/digital-marketing-specialist-at-consultwebs-digital-legal-marketing-3840629853,Consultwebs - Digital Legal Marketing,Digital Marketing Specialist,United States,data/processed/okjob.io/full_job_description/okjob_jobdesc_id=3840629853.html,https://www.linkedin.com/jobs/view/3840629853/,North America,"Remote, 100% Salary, 4 Day Week","SEO, Google Analytics, WordPress, SEMrush, HTML","Marketing, Project Management",,45000,55000,3840629853
4175,https://www.linkedin.com/jobs/view/search-engine-optimization-specialist-at-consultwebs-digital-legal-marketing-3840625662,Consultwebs - Digital Legal Marketing,Search Engine Optimization Specialist,United States,data/processed/okjob.io/full_job_description/okjob_jobdesc_id=3840625662.html,https://www.linkedin.com/jobs/view/3840625662/,North America,"Remote, 100% Salary, 4 Day Week","SEO, CRO, Google Analytics, SEMrush, WordPress","Marketing, Data & Analytics",,40000,50000,3840625662
4197,https://in.linkedin.com/jobs/view/sensational-sales-development-representative-india-at-shape-construction-3832350369,Shape Construction,Sensational Sales Development Representative,India,data/processed/okjob.io/full_job_description/okjob_jobdesc_id=3832350369.html,https://laminar.applytojob.com/apply/jobs/details/sST4zT1XGd?department=shape&,Asia,"Remote, 100% Salary, 4 Day Week","CRM, SaaS, Lead-Generation, Digital-Sales, HubSpot/Pipedrive","Sales & Account Management, Business Development",,,,3832350369
4197,https://ph.linkedin.com/jobs/view/sensational-sales-development-representative-philippines-at-shape-construction-3832357122,Shape Construction,Sensational Sales Development Representative,Philippines,data/processed/okjob.io/full_job_description/okjob_jobdesc_id=3832357122.html,https://laminar.applytojob.com/apply/jobs/details/UfKgXw0hd4?department=shape&,Asia,"Remote, 100% Salary, 4 Day Week","CRM, SaaS, Lead-Generation, Digital-Sales, HubSpot","Business Development, Sales & Account Management",,,,3832357122
4197,https://in.linkedin.com/jobs/view/mlops-engineer-4-day-week-%2B-remote-india-at-shape-construction-3846120721,Shape Construction,MLOps Engineer,India,data/processed/okjob.io/full_job_description/okjob_jobdesc_id=3846120721.html,https://laminar.applytojob.com/apply/jobs/details/iMLGf7PIzn?department=shape&,Asia,"Remote, 100% Salary, 4 Day Week","MLOps, MachineLearning, CloudComputing, LargeLanguageModels, ProblemSolving","Engineering, Data & Analytics",,,,3846120721
4197,https://ph.linkedin.com/jobs/view/mlops-engineer-4-day-week-%2B-remote-philippines-at-shape-construction-3846122602,Shape Construction,MLOps Engineer,Philippines,data/processed/okjob.io/full_job_description/okjob_jobdesc_id=3846122602.html,https://laminar.applytojob.com/apply/jobs/details/cQGU90AdcW?department=shape&,Asia,"Remote, 100% Salary, 4 Day Week","MLOps, MachineLearning, CloudComputing, LargeLanguageModels, Deployment","Data & Analytics, Engineering",,,,3846122602
4197,https://uk.linkedin.com/jobs/view/digital-construction-lead-at-shape-construction-3832352239,Shape Construction,Digital Construction Lead,"London, England, United Kingdom",data/processed/okjob.io/full_job_description/okjob_jobdesc_id=3832352239.html,https://www.linkedin.com/jobs/view/3832352239/,Europe,"Hybrid, 100% Salary, 4 Day Week","BIM, ISO19650, PowerBI, ProjectManagement, DigitalTransformation","Engineering, Data & Analytics",,,,3832352239
4197,https://ph.linkedin.com/jobs/view/aws-platform-engineer-terraform-4-day-week-%2B-remote-philippines-at-shape-construction-3843138178,Shape Construction,AWS Platform Engineer (Terraform),Philippines,data/processed/okjob.io/full_job_description/okjob_jobdesc_id=3843138178.html,https://laminar.applytojob.com/apply/jobs/details/FsP2D4lOps?&,Asia,"Remote, 100% Salary, 4 Day Week","AWS, Terraform, Leadership, Communication, Observability",Engineering,,,,3843138178
4197,https://in.linkedin.com/jobs/view/full-stack-software-engineer-react-ruby-on-rails-4-day-week-%2B-remote-india-at-shape-construction-3846122511,Shape Construction,Full Stack Software Engineer,India,data/processed/okjob.io/full_job_description/okjob_jobdesc_id=3846122511.html,https://laminar.applytojob.com/apply/jobs/details/bK1rRExP0X?&,Asia,"Remote, 100% Salary, 4 Day Week","Ruby, Rails, ReactJS, TypeScript, REST-API",Engineering,,,,3846122511
4197,https://ph.linkedin.com/jobs/view/react-native-software-engineer-4-day-week-%2B-remote-philippines-at-shape-construction-3832352226,Shape Construction,React Native Software Engineer,Philippines,data/processed/okjob.io/full_job_description/okjob_jobdesc_id=3832352226.html,https://laminar.applytojob.com/apply/jobs/details/OWzBrpIBH2?&,Asia,"Remote, 100% Salary, 4 Day Week","ReactJS, React Native, Swift, Kotlin, Ruby",Engineering,,,,3832352226
4197,https://ph.linkedin.com/jobs/view/senior-frontend-engineer-react-4-day-week-%2B-remote-philippines-at-shape-construction-3838715623,Shape Construction,Senior Frontend Engineer,Philippines,data/processed/okjob.io/full_job_description/okjob_jobdesc_id=3838715623.html,https://laminar.applytojob.com/apply/jobs/details/yH4VLMi2c9?&,Asia,"4 Day Week, Remote, 100% Salary","ReactJS, TypeScript, Next.js, CSS, UnitTesting",Engineering,,,,3838715623
4197,https://ph.linkedin.com/jobs/view/full-stack-software-engineer-react-ruby-on-rails-4-day-week-%2B-remote-philippines-at-shape-construction-3838247680,Shape Construction,Full Stack Software Engineer,Philippines,data/processed/okjob.io/full_job_description/okjob_jobdesc_id=3838247680.html,https://laminar.applytojob.com/apply/jobs/details/2TVMQXWYPs?&,Asia,"Remote, 100% Salary, 4 Day Week","Ruby, ReactJS, TypeScript, REST API, TDD",Engineering,,,,3838247680
4199,https://br.linkedin.com/jobs/view/customer-support-engineer-tier-1-at-blackthorn-io-3830163815,Blackthorn.io,"Customer Support Engineer, Tier 1","São Paulo, SP, Brazil",data/processed/okjob.io/full_job_description/okjob_jobdesc_id=3830163815.html,https://boards.greenhouse.io/blackthorn/jobs/5083535004,South America,"Remote, 100% Salary, 4 Day Week","Salesforce, Service Cloud, Jira, CRM, SaaS","Customer Support, IT Support",,,,3830163815
4199,https://www.linkedin.com/jobs/view/sales-engineer-salesforce-at-blackthorn-io-3825304984,Blackthorn.io,"Sales Engineer, Salesforce","San Francisco, California",data/processed/okjob.io/full_job_description/okjob_jobdesc_id=3825304984.html,https://boards.greenhouse.io/blackthorn/jobs/5037451004,North America,"Remote, 100% Salary, 4 Day Week","Salesforce, SaaS, RFP, B2B, Admin-Certification","Sales & Account Management, Engineering",,,130000,3825304984
4199,https://www.linkedin.com/jobs/view/sales-engineer-salesforce-at-blackthorn-io-3838366730,Blackthorn.io,"Sales Engineer, Salesforce","Seattle, WA",data/processed/okjob.io/full_job_description/okjob_jobdesc_id=3838366730.html,https://boards.greenhouse.io/blackthorn/jobs/5037451004,North America,"Remote, 100% Salary, 4 Day Week","Salesforce, SaaS, RFP, B2B, CRM","Sales & Account Management, Engineering",,,130000,3838366730
4199,https://www.linkedin.com/jobs/view/sales-engineer-salesforce-at-blackthorn-io-3838368655,Blackthorn.io,"Sales Engineer, Salesforce","Los Angeles, California",data/processed/okjob.io/full_job_description/okjob_jobdesc_id=3838368655.html,https://boards.greenhouse.io/blackthorn/jobs/5037451004,North America,"Remote, 100% Salary, 4 Day Week","Salesforce, SaaS, RFP, B2B, Admin-Certification","Sales & Account Management, Engineering",,,130000,3838368655
4199,https://www.linkedin.com/jobs/view/sales-engineer-salesforce-at-blackthorn-io-3838367741,Blackthorn.io,"Sales Engineer, Salesforce","San Jose, California",data/processed/okjob.io/full_job_description/okjob_jobdesc_id=3838367741.html,https://boards.greenhouse.io/blackthorn/jobs/5037451004,North America,"Remote, 100% Salary, 4 Day Week","Salesforce, SaaS, RFP, B2B, CRM","Sales & Account Management, Engineering",,,130000,3838367741
4199,https://co.linkedin.com/jobs/view/salesforce-administrator-support-tier-2-at-blackthorn-io-3834321958,Blackthorn.io,"Salesforce Administrator Support, Tier 2","Bogota, D.C., Capital District, Colombia",data/processed/okjob.io/full_job_description/okjob_jobdesc_id=3834321958.html,https://boards.greenhouse.io/blackthorn/jobs/5083548004,South America,"Remote, 100% Salary, 4 Day Week","Salesforce, Service Cloud, Flow Builder, Jira, Administration","Customer Support, IT Support",,,,3834321958
4199,https://br.linkedin.com/jobs/view/salesforce-administrator-support-tier-2-at-blackthorn-io-3830164748,Blackthorn.io,"Salesforce Administrator Support, Tier 2","São Paulo, SP, Brazil",data/processed/okjob.io/full_job_description/okjob_jobdesc_id=3830164748.html,https://boards.greenhouse.io/blackthorn/jobs/5083548004,South America,"Remote, 100% Salary, 4 Day Week","Salesforce, ServiceCloud, FlowBuilder, Jira, SalesforceAdminCertification","Customer Support, IT Support",,,,3830164748
4727,https://www.linkedin.com/jobs/view/job-captain-at-bsb-design-3726823680,BSB Design,Job Captain,"Gold River, California, United States",data/processed/okjob.io/full_job_description/okjob_jobdesc_id=3726823680.html,https://www.paycomonline.net/v4/ats/web.php/jobs/ViewJobDetails?job=85762&clientkey=91A3318695296C3D5FB1FB280F79AEA7,North America,"Hybrid, 100% Salary, 4 Day Week","AutoCAD, 3D-Modeling, Bluebeam, Microsoft-Excel, Adobe-Acrobat","Architecture, Project Management",,,,3726823680
4733,https://www.linkedin.com/jobs/view/senior-account-executive-at-wonderlic-3826315144,Wonderlic,Senior Account Executive,United States,data/processed/okjob.io/full_job_description/okjob_jobdesc_id=3826315144.html,https://www.linkedin.com/jobs/view/3826315144/,North America,"Remote, 4 Day Week, 100% Salary","SaaS, HR-Technology, B2B, Pre-employment-Assessment, Pipeline-Building",Sales & Account Management,32,150000,180000,3826315144
